class_code,label,az_totale,sup_totale
ra_num,numero regione agraria,,
zona,M / C / P,,
1,Senza terreno agrario,?,?
2,"fino a 0,10",167.801,"55,77"
3,"0,11 - 0,20",6.031.013,"163,33"
4,"0,21 - 0,30",1.304.860,"226,07"
5,"0,31 - 0,40",1.882.760,"278,28"
6,"0,41 - 0,50",2.334.783,"368,49"
7,"0,51 - 0,75",70.481.495,"945,88"
8,"0,76 - 1,00",71.651.437,"1.278,72"
9,"1,01 - 1,50",2.136,"2.702,69"
10,"1,51 - 2,00",1.760,"3.108,56"
11,"2,01 - 2,50",1.406,"3.198,73"
12,"2,51 - 3,00",1.186,"3.304,03"
13,"3,01 - 3,50",946,"3.094,61"
14,"3,51 - 4,00",928,"3.507,66"
15,"4,01 - 4,50",751,"3.212,81"
16,"4,51 - 5,00",716,"3.429,70"
17,"5,01 - 7,50",2.331,"14.355,26"
18,"7,51 - 10,00",1.340,"11.079,26"
19,"10,01 - 12,50",772,"8.655,17"
20,"12,51 - 15,00",531,"7.303,58"
21,"15,01 - 20,00",680,"11.728,66"
22,"20,01 - 25,00",319,"7.100,36"
23,"25,01 - 30,00",2.920.165,"4.534,52"
24,"30,01 - 40,00",176,"6.054,40"
25,"40,01 - 50,00",920.476,"3.399,69"
26,"50,01 - 75,00",84,"5.139,97"
27,"75,01 - 100,00",776.035,"3.015,16"
28,"100,01 - 150,00",?,"3.345,25"
29,"150,01 - 200,00",?,"2.485,97"
30,"200,01 - 250,00",?,"2.209,23"
31,"250,01 - 500,00",?,"8.394,66"
32,"500,01 - 1.000,00",?,"8.243,81"
33,"1.000,01 - 2.500,00",?,"5.083,34"
34,oltre 2.500,—,—
35,TOTALE,23.582,"141.603,62"
