block,pdf_page,top_pt,bottom_pt,senza_pt,totale_pt,label_x1,az_x0,az_x1,sup_x0,sup_x1
RA01,31,154,491,172.3,469.6,126.7,504.9,562.7,562.7,619.9
RA02,31,491,828,509.2,806.9,126.7,504.9,562.7,562.7,619.9
RA03,32,158,495,176.4,474.0,105.3,482.2,539.9,539.9,595.6
RA04,32,496,833,513.6,811.9,105.3,482.2,539.9,539.9,595.6
RA05,33,163,498,180.8,477.1,127.8,508.1,565.7,565.7,620.6
RA06,33,498,835,516.4,814.3,127.8,508.1,565.7,565.7,620.6
RA07,34,161,497,178.9,475.3,103.9,479.9,537.7,537.7,593.7
RA08,34,498,835,515.6,813.2,103.9,479.9,537.7,537.7,593.7
RA09,35,162,497,180.2,476.6,128.2,510.6,568.6,568.6,624.9
RA10,35,498,834,516.5,813.8,128.2,510.6,568.6,568.6,624.9
TAV1,10,136,472,153.9,452.3,133.8,487.9,546.4,546.4,605.7
