class_code,label,lower_ha,upper_ha,suffix,excel_header
1,Senza terreno agrario,0,0,senza_terreno,senza terreno
2,"fino a 0,10",0,0.1,fino_0p10,fino a 0.10
3,"0,11 - 0,20",0.11,0.2,0p11_0p20,0.11-0.20
4,"0,21 - 0,30",0.21,0.3,0p21_0p30,0.21-0.30
5,"0,31 - 0,40",0.31,0.4,0p31_0p40,0.31-0.40
6,"0,41 - 0,50",0.41,0.5,0p41_0p50,0.41-0.50
7,"0,51 - 0,75",0.51,0.75,0p51_0p75,0.51-0.75
8,"0,76 - 1,00",0.76,1.0,0p76_1,0.76-1.00
9,"1,01 - 1,50",1.01,1.5,1p01_1p50,1.01-1.50
10,"1,51 - 2,00",1.51,2.0,1p51_2,1.51-2.00
11,"2,01 - 2,50",2.01,2.5,2p01_2p50,2.01-2.50
12,"2,51 - 3,00",2.51,3.0,2p51_3,2.51-3.00
13,"3,01 - 3,50",3.01,3.5,3p01_3p50,3.01-3.50
14,"3,51 - 4,00",3.51,4.0,3p51_4,3.51-4.00
15,"4,01 - 4,50",4.01,4.5,4p01_4p50,4.01-4.50
16,"4,51 - 5,00",4.51,5.0,4p51_5,4.51-5.00
17,"5,01 - 7,50",5.01,7.5,5p01_7p50,5.01-7.50
18,"7,51 - 10,00",7.51,10.0,7p51_10,7.51-10.00
19,"10,01 - 12,50",10.01,12.5,10p01_12p50,10.01-12.50
20,"12,51 - 15,00",12.51,15.0,12p51_15,12.51-15.00
21,"15,01 - 20,00",15.01,20.0,15p01_20,15.01-20.00
22,"20,01 - 25,00",20.01,25.0,20p01_25,20.01-25.00
23,"25,01 - 30,00",25.01,30.0,25p01_30,25.01-30.00
24,"30,01 - 40,00",30.01,40.0,30p01_40,30.01-40.00
25,"40,01 - 50,00",40.01,50.0,40p01_50,40.01-50.00
26,"50,01 - 75,00",50.01,75.0,50p01_75,50.01-75.00
27,"75,01 - 100,00",75.01,100.0,75p01_100,75.01-100.00
28,"100,01 - 150,00",100.01,150.0,100p01_150,100.01-150.00
29,"150,01 - 200,00",150.01,200.0,150p01_200,150.01-200.00
30,"200,01 - 250,00",200.01,250.0,200p01_250,200.01-250.00
31,"250,01 - 500,00",250.01,500.0,250p01_500,250.01-500.00
32,"500,01 - 1.000,00",500.01,1000.0,500p01_1000,500.01-1000.00
33,"1.000,01 - 2.500,00",1000.01,2500.0,1000p01_2500,1000.01-2500.00
34,oltre 2.500,2500.01,,oltre_2500,oltre 2500
35,TOTALE,,,totale,totale
