check,block,class_code,var,pdf_page,class_label,detail
unparseable,RA02,17,sup,31,"5,01 - 7,50","bad format '2551,35'"
unparseable,RA03,35,sup,32,TOTALE,"bad format '12,136,05'"
unparseable,RA04,4,sup,32,"0,21 - 0,30","bad format '27,,50'"
unparseable,RA05,2,sup,33,"fino a 0,10","bad format '90,,06'"
unparseable,RA05,3,az,33,"0,11 - 0,20",bad format '1204'
unparseable,RA05,4,sup,33,"0,21 - 0,30",bad format '24Ù8'
unparseable,RA05,8,az,33,"0,76 - 1,00",bad format '1.0'
unparseable,RA05,15,sup,33,"4,01 - 4,50","bad format '1,270,75'"
unparseable,RA05,16,sup,33,"4,51 - 5,00","bad format '5,066,24'"
unparseable,RA05,19,sup,33,"10,01 - 12,50","bad format '1,040,41'"
unparseable,RA05,27,sup,33,"75,01 - 100,00",bad format '273'
unparseable,RA05,31,sup,33,"250,01 - 500,00","bad format '1,447,99'"
unparseable,RA06,3,sup,33,"0,11 - 0,20","bad format '35,,34'"
unparseable,RA06,22,sup,33,"20,01 - 25,00","bad format '317,2'"
unparseable,RA06,23,sup,33,"25,01 - 30,00","bad format '159,5082,7'"
unparseable,RA06,35,sup,33,TOTALE,"bad format '17,498,23'"
unparseable,RA08,24,sup,34,"30,01 - 40,00","bad format '1,.433,39'"
unparseable,RA09,3,az,35,"0,11 - 0,20",bad format '236.'
unparseable,RA09,18,sup,35,"7,51 - 10,00","bad format '1-.853,82'"
unparseable,RA09,23,sup,35,"25,01 - 30,00","bad format '1,542,62'"
unparseable,RA09,25,az,35,"40,01 - 50,00",bad format '27.'
unparseable,RA09,26,sup,35,"50,01 - 75,00","bad format '2456,66'"
unparseable,RA09,30,az,35,"200,01 - 250,00",bad format '3.'
unparseable,RA09,30,sup,35,"200,01 - 250,00","bad format '1-.066,93'"
unparseable,RA09,35,az,35,TOTALE,bad format '5206'
unparseable,RA10,9,sup,35,"1,01 - 1,50",bad format '757'
unparseable,RA10,12,sup,35,"2,51 - 3,00","bad format '58.9,76'"
unparseable,RA10,24,sup,35,"30,01 - 40,00","bad format '3-435,09'"
unparseable,RA10,35,sup,35,TOTALE,"bad format '48060,42'"
unparseable,TAV1,25,az,10,"40,01 - 50,00",bad format '.255'
sum classes ≠ TOTALE,RA01,35,az,31,TOTALE,"sum of classes 2,674.00 vs TOTALE 2,842.00"
sum classes ≠ TOTALE,RA01,35,sup,31,TOTALE,"sum of classes 31,192.57 vs TOTALE 38,221.69"
sum classes ≠ TOTALE,RA02,35,az,31,TOTALE,"sum of classes 8,215.00 vs TOTALE 8,322.00"
sum classes ≠ TOTALE,RA02,35,sup,31,TOTALE,"sum of classes 27,693.87 vs TOTALE 32,956.85"
sum classes ≠ TOTALE,RA03,35,az,32,TOTALE,"sum of classes 4,843.00 vs TOTALE 4,881.00"
sum classes ≠ TOTALE,RA03,35,sup,32,TOTALE,"sum of classes 11,672.80 vs TOTALE nan"
sum classes ≠ TOTALE,RA04,35,az,32,TOTALE,"sum of classes 1,566.00 vs TOTALE 0.00"
sum classes ≠ TOTALE,RA04,35,sup,32,TOTALE,"sum of classes 6,991.13 vs TOTALE 0.00"
sum classes ≠ TOTALE,RA05,35,az,33,TOTALE,"sum of classes 7,545.00 vs TOTALE 14,539.00"
sum classes ≠ TOTALE,RA05,35,sup,33,TOTALE,"sum of classes 18,689.61 vs TOTALE 0.00"
sum classes ≠ TOTALE,RA06,35,az,33,TOTALE,"sum of classes 3,627.00 vs TOTALE 4,988.00"
sum classes ≠ TOTALE,RA06,35,sup,33,TOTALE,"sum of classes 6,303.78 vs TOTALE nan"
sum classes ≠ TOTALE,RA07,35,az,34,TOTALE,"sum of classes 2,528.00 vs TOTALE 2,864.00"
sum classes ≠ TOTALE,RA07,35,sup,34,TOTALE,"sum of classes 8,041.00 vs TOTALE 703.90"
sum classes ≠ TOTALE,RA08,35,az,34,TOTALE,"sum of classes 2,222.00 vs TOTALE 2,501.00"
sum classes ≠ TOTALE,RA08,35,sup,34,TOTALE,"sum of classes 21,795.40 vs TOTALE 24,154.91"
sum classes ≠ TOTALE,RA09,35,az,35,TOTALE,"sum of classes 3,525.00 vs TOTALE nan"
sum classes ≠ TOTALE,RA09,35,sup,35,TOTALE,"sum of classes 17,114.67 vs TOTALE 32,566.84"
sum classes ≠ TOTALE,RA10,35,az,35,TOTALE,"sum of classes 4,978.00 vs TOTALE 5,618.00"
sum classes ≠ TOTALE,RA10,35,sup,35,TOTALE,"sum of classes 33,670.37 vs TOTALE nan"
sum classes ≠ TOTALE,TAV1,35,az,10,TOTALE,"sum of classes 45,097.00 vs TOTALE 53,330.00"
sum classes ≠ TOTALE,TAV1,35,sup,10,TOTALE,"sum of classes 212,454.33 vs TOTALE 258,250.77"
sum RA ≠ Tav. 1,TAV1,1,az,10,Senza terreno agrario,sum of RAs 60.00 vs Tav. 1 64.00
sum RA ≠ Tav. 1,TAV1,2,az,10,"fino a 0,10","sum of RAs 3,378.00 vs Tav. 1 3,438.00"
sum RA ≠ Tav. 1,TAV1,2,sup,10,"fino a 0,10",sum of RAs 128.80 vs Tav. 1 218.86
sum RA ≠ Tav. 1,TAV1,3,az,10,"0,11 - 0,20","sum of RAs 2,162.00 vs Tav. 1 3,602.00"
sum RA ≠ Tav. 1,TAV1,3,sup,10,"0,11 - 0,20",sum of RAs 531.07 vs Tav. 1 566.41
sum RA ≠ Tav. 1,TAV1,4,sup,10,"0,21 - 0,30",sum of RAs 481.81 vs Tav. 1 754.89
sum RA ≠ Tav. 1,TAV1,5,az,10,"0,31 - 0,40","sum of RAs 2,586.00 vs Tav. 1 2,766.00"
sum RA ≠ Tav. 1,TAV1,5,sup,10,"0,31 - 0,40",sum of RAs 711.19 vs Tav. 1 996.28
sum RA ≠ Tav. 1,TAV1,7,sup,10,"0,51 - 0,75","sum of RAs 2,824.67 vs Tav. 1 2,679.35"
sum RA ≠ Tav. 1,TAV1,8,az,10,"0,76 - 1,00","sum of RAs 2,744.00 vs Tav. 1 3,932.00"
sum RA ≠ Tav. 1,TAV1,8,sup,10,"0,76 - 1,00","sum of RAs 2,485.85 vs Tav. 1 3,428.94"
sum RA ≠ Tav. 1,TAV1,9,az,10,"1,01 - 1,50","sum of RAs 3,858.00 vs Tav. 1 5,284.00"
sum RA ≠ Tav. 1,TAV1,9,sup,10,"1,01 - 1,50","sum of RAs 4,032.47 vs Tav. 1 6,563.31"
sum RA ≠ Tav. 1,TAV1,10,az,10,"1,51 - 2,00","sum of RAs 3,038.00 vs Tav. 1 4,138.00"
sum RA ≠ Tav. 1,TAV1,10,sup,10,"1,51 - 2,00","sum of RAs 5,318.24 vs Tav. 1 7,244.49"
sum RA ≠ Tav. 1,TAV1,11,az,10,"2,01 - 2,50","sum of RAs 2,027.00 vs Tav. 1 2,900.00"
sum RA ≠ Tav. 1,TAV1,11,sup,10,"2,01 - 2,50","sum of RAs 6,375.54 vs Tav. 1 6,530.04"
sum RA ≠ Tav. 1,TAV1,12,az,10,"2,51 - 3,00","sum of RAs 1,487.00 vs Tav. 1 2,249.00"
sum RA ≠ Tav. 1,TAV1,12,sup,10,"2,51 - 3,00","sum of RAs 5,139.94 vs Tav. 1 6,186.51"
sum RA ≠ Tav. 1,TAV1,13,az,10,"3,01 - 3,50","sum of RAs 1,583.00 vs Tav. 1 1,756.00"
sum RA ≠ Tav. 1,TAV1,13,sup,10,"3,01 - 3,50","sum of RAs 4,554.25 vs Tav. 1 5,693.77"
sum RA ≠ Tav. 1,TAV1,14,az,10,"3,51 - 4,00","sum of RAs 1,222.00 vs Tav. 1 1,528.00"
sum RA ≠ Tav. 1,TAV1,14,sup,10,"3,51 - 4,00","sum of RAs 3,842.67 vs Tav. 1 5,752.38"
sum RA ≠ Tav. 1,TAV1,15,az,10,"4,01 - 4,50","sum of RAs 773.00 vs Tav. 1 1,107.00"
sum RA ≠ Tav. 1,TAV1,15,sup,10,"4,01 - 4,50","sum of RAs 2,165.96 vs Tav. 1 4,712.06"
sum RA ≠ Tav. 1,TAV1,16,az,10,"4,51 - 5,00","sum of RAs 1,493.00 vs Tav. 1 0.00"
sum RA ≠ Tav. 1,TAV1,16,sup,10,"4,51 - 5,00","sum of RAs 3,432.16 vs Tav. 1 0.00"
sum RA ≠ Tav. 1,TAV1,17,az,10,"5,01 - 7,50","sum of RAs 1,942.00 vs Tav. 1 0.00"
sum RA ≠ Tav. 1,TAV1,17,sup,10,"5,01 - 7,50","sum of RAs 11,066.49 vs Tav. 1 0.00"
sum RA ≠ Tav. 1,TAV1,18,az,10,"7,51 - 10,00","sum of RAs 1,340.00 vs Tav. 1 0.00"
sum RA ≠ Tav. 1,TAV1,18,sup,10,"7,51 - 10,00","sum of RAs 10,847.67 vs Tav. 1 12,247.27"
sum RA ≠ Tav. 1,TAV1,19,az,10,"10,01 - 12,50",sum of RAs 759.00 vs Tav. 1 668.00
sum RA ≠ Tav. 1,TAV1,19,sup,10,"10,01 - 12,50","sum of RAs 6,732.79 vs Tav. 1 9,125.43"
sum RA ≠ Tav. 1,TAV1,20,az,10,"12,51 - 15,00",sum of RAs 386.00 vs Tav. 1 782.00
sum RA ≠ Tav. 1,TAV1,20,sup,10,"12,51 - 15,00","sum of RAs 8,665.64 vs Tav. 1 13,400.21"
sum RA ≠ Tav. 1,TAV1,21,az,10,"15,01 - 20,00",sum of RAs 379.00 vs Tav. 1 416.00
sum RA ≠ Tav. 1,TAV1,21,sup,10,"15,01 - 20,00","sum of RAs 7,072.01 vs Tav. 1 9,321.53"
sum RA ≠ Tav. 1,TAV1,22,az,10,"20,01 - 25,00",sum of RAs 212.00 vs Tav. 1 251.00
sum RA ≠ Tav. 1,TAV1,22,sup,10,"20,01 - 25,00","sum of RAs 6,974.46 vs Tav. 1 6,852.08"
sum RA ≠ Tav. 1,TAV1,23,az,10,"25,01 - 30,00",sum of RAs 218.00 vs Tav. 1 303.00
sum RA ≠ Tav. 1,TAV1,23,sup,10,"25,01 - 30,00","sum of RAs 8,143.63 vs Tav. 1 10,484.41"
sum RA ≠ Tav. 1,TAV1,24,az,10,"30,01 - 40,00",sum of RAs 232.00 vs Tav. 1 210.00
sum RA ≠ Tav. 1,TAV1,24,sup,10,"30,01 - 40,00","sum of RAs 4,698.41 vs Tav. 1 9,316.94"
sum RA ≠ Tav. 1,TAV1,25,az,10,"40,01 - 50,00",sum of RAs 194.00 vs Tav. 1 nan
sum RA ≠ Tav. 1,TAV1,25,sup,10,"40,01 - 50,00","sum of RAs 12,469.40 vs Tav. 1 15,653.60"
sum RA ≠ Tav. 1,TAV1,26,az,10,"50,01 - 75,00",sum of RAs 166.00 vs Tav. 1 143.00
sum RA ≠ Tav. 1,TAV1,26,sup,10,"50,01 - 75,00","sum of RAs 10,731.36 vs Tav. 1 12,274.00"
sum RA ≠ Tav. 1,TAV1,27,az,10,"75,01 - 100,00",sum of RAs 89.00 vs Tav. 1 120.00
sum RA ≠ Tav. 1,TAV1,27,sup,10,"75,01 - 100,00","sum of RAs 11,114.31 vs Tav. 1 14,622.79"
sum RA ≠ Tav. 1,TAV1,28,az,10,"100,01 - 150,00",sum of RAs 31.00 vs Tav. 1 43.00
sum RA ≠ Tav. 1,TAV1,28,sup,10,"100,01 - 150,00","sum of RAs 6,018.81 vs Tav. 1 7,431.46"
sum RA ≠ Tav. 1,TAV1,29,az,10,"150,01 - 200,00",sum of RAs 7.00 vs Tav. 1 12.00
sum RA ≠ Tav. 1,TAV1,29,sup,10,"150,01 - 200,00","sum of RAs 2,179.78 vs Tav. 1 2,685.58"
sum RA ≠ Tav. 1,TAV1,30,az,10,"200,01 - 250,00",sum of RAs 18.00 vs Tav. 1 39.00
sum RA ≠ Tav. 1,TAV1,30,sup,10,"200,01 - 250,00","sum of RAs 12,720.66 vs Tav. 1 14,389.73"
sum RA ≠ Tav. 1,TAV1,31,az,10,"250,01 - 500,00",sum of RAs 19.00 vs Tav. 1 21.00
sum RA ≠ Tav. 1,TAV1,31,sup,10,"250,01 - 500,00","sum of RAs 13,216.17 vs Tav. 1 14,614.61"
sum RA ≠ Tav. 1,TAV1,32,az,10,"500,01 - 1.000,00",sum of RAs 1.00 vs Tav. 1 6.00
sum RA ≠ Tav. 1,TAV1,32,sup,10,"500,01 - 1.000,00","sum of RAs 7,546.28 vs Tav. 1 7,764.69"
sum RA ≠ Tav. 1,TAV1,35,az,10,TOTALE,"sum of RAs 46,555.00 vs Tav. 1 53,330.00"
sum RA ≠ Tav. 1,TAV1,35,sup,10,TOTALE,"sum of RAs 128,604.19 vs Tav. 1 258,250.77"
zero mismatch,RA01,8,az/sup,31,"0,76 - 1,00",az 0.0 sup 98.37
mean outside class,RA01,25,az/sup,31,"40,01 - 50,00","771.44 ha / 40.0 = 19.286 ha, class 40.01–50.0"
mean outside class,RA01,30,az/sup,31,"200,01 - 250,00","3,363.38 ha / 9.0 = 373.709 ha, class 200.01–250.0"
mean outside class,RA01,31,az/sup,31,"250,01 - 500,00","5,627.36 ha / 8.0 = 703.420 ha, class 250.01–500.0"
zero mismatch,RA01,32,az/sup,31,"500,01 - 1.000,00",az 0.0 sup 1262.59
mean outside class,RA02,20,az/sup,31,"12,51 - 15,00","800.99 ha / 5.0 = 160.198 ha, class 12.51–15.0"
zero mismatch,RA02,25,az/sup,31,"40,01 - 50,00",az 0.0 sup 685.32
zero mismatch,RA02,29,az/sup,31,"150,01 - 200,00",az 0.0 sup 213.28
zero mismatch,RA02,30,az/sup,31,"200,01 - 250,00",az 0.0 sup 1970.93
mean outside class,RA02,31,az/sup,31,"250,01 - 500,00","4,238.49 ha / 6.0 = 706.415 ha, class 250.01–500.0"
zero mismatch,RA02,32,az/sup,31,"500,01 - 1.000,00",az 0.0 sup 4383.08
zero mismatch,RA03,22,az/sup,32,"20,01 - 25,00",az 0.0 sup 77.71
mean outside class,RA03,23,az/sup,32,"25,01 - 30,00","138.14 ha / 4.0 = 34.535 ha, class 25.01–30.0"
mean outside class,RA03,24,az/sup,32,"30,01 - 40,00","133.51 ha / 3.0 = 44.503 ha, class 30.01–40.0"
mean outside class,RA03,25,az/sup,32,"40,01 - 50,00","404.23 ha / 6.0 = 67.372 ha, class 40.01–50.0"
zero mismatch,RA03,26,az/sup,32,"50,01 - 75,00",az 0.0 sup 431.45
mean outside class,RA03,27,az/sup,32,"75,01 - 100,00","234.85 ha / 2.0 = 117.425 ha, class 75.01–100.0"
mean outside class,RA03,28,az/sup,32,"100,01 - 150,00","377.56 ha / 2.0 = 188.780 ha, class 100.01–150.0"
mean outside class,RA03,30,az/sup,32,"200,01 - 250,00","2,553.78 ha / 7.0 = 364.826 ha, class 200.01–250.0"
zero mismatch,RA03,31,az/sup,32,"250,01 - 500,00",az 0.0 sup 691.18
zero mismatch,RA03,32,az/sup,32,"500,01 - 1.000,00",az 0.0 sup 1096.0
zero mismatch,RA04,28,az/sup,32,"100,01 - 150,00",az 0.0 sup 146.21
zero mismatch,RA04,29,az/sup,32,"150,01 - 200,00",az 0.0 sup 167.47
zero mismatch,RA04,30,az/sup,32,"200,01 - 250,00",az 0.0 sup 229.0
zero mismatch,RA05,5,az/sup,33,"0,31 - 0,40",az 798.0 sup 0.0
zero mismatch,RA05,8,az/sup,33,"0,76 - 1,00",az nan sup 0.0
zero mismatch,RA05,11,az/sup,33,"2,01 - 2,50",az 0.0 sup 1814.86
zero mismatch,RA05,12,az/sup,33,"2,51 - 3,00",az 0.0 sup 1637.56
mean outside class,RA05,13,az/sup,33,"3,01 - 3,50","1,550.15 ha / 414.0 = 3.744 ha, class 3.01–3.5"
mean outside class,RA05,14,az/sup,33,"3,51 - 4,00","1,350.19 ha / 316.0 = 4.273 ha, class 3.51–4.0"
mean outside class,RA05,17,az/sup,33,"5,01 - 7,50","3,226.85 ha / 374.0 = 8.628 ha, class 5.01–7.5"
mean outside class,RA05,18,az/sup,33,"7,51 - 10,00","1,954.00 ha / 176.0 = 11.102 ha, class 7.51–10.0"
mean outside class,RA05,20,az/sup,33,"12,51 - 15,00","1,258.63 ha / 13.0 = 96.818 ha, class 12.51–15.0"
mean outside class,RA05,21,az/sup,33,"15,01 - 20,00","649.49 ha / 29.0 = 22.396 ha, class 15.01–20.0"
mean outside class,RA05,22,az/sup,33,"20,01 - 25,00","491.28 ha / 18.0 = 27.293 ha, class 20.01–25.0"
mean outside class,RA05,23,az/sup,33,"25,01 - 30,00","599.09 ha / 17.0 = 35.241 ha, class 25.01–30.0"
mean outside class,RA05,24,az/sup,33,"30,01 - 40,00","271.13 ha / 6.0 = 45.188 ha, class 30.01–40.0"
mean outside class,RA05,25,az/sup,33,"40,01 - 50,00","736.87 ha / 11.0 = 66.988 ha, class 40.01–50.0"
mean outside class,RA05,26,az/sup,33,"50,01 - 75,00","168.25 ha / 2.0 = 84.125 ha, class 50.01–75.0"
zero mismatch,RA05,28,az/sup,33,"100,01 - 150,00",az 0.0 sup 186.79
zero mismatch,RA05,30,az/sup,33,"200,01 - 250,00",az 0.0 sup 1351.57
zero mismatch,RA05,32,az/sup,33,"500,01 - 1.000,00",az 0.0 sup 23.02
zero mismatch,RA06,13,az/sup,33,"3,01 - 3,50",az 246.0 sup 0.0
zero mismatch,RA06,14,az/sup,33,"3,51 - 4,00",az 244.0 sup 0.0
mean outside class,RA06,19,az/sup,33,"10,01 - 12,50","893.71 ha / 66.0 = 13.541 ha, class 10.01–12.5"
mean outside class,RA06,20,az/sup,33,"12,51 - 15,00","698.91 ha / 40.0 = 17.473 ha, class 12.51–15.0"
zero mismatch,RA06,21,az/sup,33,"15,01 - 20,00",az 14.0 sup 0.0
mean outside class,RA06,24,az/sup,33,"30,01 - 40,00","128.61 ha / 3.0 = 42.870 ha, class 30.01–40.0"
mean outside class,RA06,25,az/sup,33,"40,01 - 50,00","328.41 ha / 5.0 = 65.682 ha, class 40.01–50.0"
zero mismatch,RA06,26,az/sup,33,"50,01 - 75,00",az 0.0 sup 84.0
zero mismatch,RA06,27,az/sup,33,"75,01 - 100,00",az 0.0 sup 384.51
zero mismatch,RA06,28,az/sup,33,"100,01 - 150,00",az 0.0 sup 161.48
mean outside class,RA07,5,az/sup,34,"0,31 - 0,40","69.57 ha / 13.0 = 5.352 ha, class 0.31–0.4"
zero mismatch,RA07,20,az/sup,34,"12,51 - 15,00",az 0.0 sup 695.63
mean outside class,RA07,22,az/sup,34,"20,01 - 25,00","527.02 ha / 19.0 = 27.738 ha, class 20.01–25.0"
mean outside class,RA07,23,az/sup,34,"25,01 - 30,00","509.01 ha / 15.0 = 33.934 ha, class 25.01–30.0"
mean outside class,RA07,24,az/sup,34,"30,01 - 40,00","184.57 ha / 4.0 = 46.142 ha, class 30.01–40.0"
mean outside class,RA07,25,az/sup,34,"40,01 - 50,00","422.07 ha / 7.0 = 60.296 ha, class 40.01–50.0"
mean outside class,RA07,26,az/sup,34,"50,01 - 75,00","332.19 ha / 4.0 = 83.047 ha, class 50.01–75.0"
mean outside class,RA07,27,az/sup,34,"75,01 - 100,00","536.48 ha / 4.0 = 134.120 ha, class 75.01–100.0"
zero mismatch,RA07,28,az/sup,34,"100,01 - 150,00",az 0.0 sup 157.57
mean outside class,RA07,30,az/sup,34,"200,01 - 250,00","760.97 ha / 2.0 = 380.485 ha, class 200.01–250.0"
mean outside class,RA08,15,az/sup,34,"4,01 - 4,50","209.81 ha / 44.0 = 4.768 ha, class 4.01–4.5"
mean outside class,RA08,16,az/sup,34,"4,51 - 5,00","1,142.30 ha / 182.0 = 6.276 ha, class 4.51–5.0"
mean outside class,RA08,17,az/sup,34,"5,01 - 7,50","1,476.08 ha / 170.0 = 8.683 ha, class 5.01–7.5"
mean outside class,RA08,18,az/sup,34,"7,51 - 10,00","1,214.81 ha / 108.0 = 11.248 ha, class 7.51–10.0"
mean outside class,RA08,19,az/sup,34,"10,01 - 12,50","1,045.60 ha / 76.0 = 13.758 ha, class 10.01–12.5"
mean outside class,RA08,20,az/sup,34,"12,51 - 15,00","1,937.56 ha / 114.0 = 16.996 ha, class 12.51–15.0"
mean outside class,RA08,21,az/sup,34,"15,01 - 20,00","1,518.43 ha / 67.0 = 22.663 ha, class 15.01–20.0"
mean outside class,RA08,22,az/sup,34,"20,01 - 25,00","863.98 ha / 32.0 = 26.999 ha, class 20.01–25.0"
mean outside class,RA08,23,az/sup,34,"25,01 - 30,00","1,826.74 ha / 53.0 = 34.467 ha, class 25.01–30.0"
mean outside class,RA08,25,az/sup,34,"40,01 - 50,00","2,164.63 ha / 36.0 = 60.129 ha, class 40.01–50.0"
mean outside class,RA08,26,az/sup,34,"50,01 - 75,00","1,919.63 ha / 22.0 = 87.256 ha, class 50.01–75.0"
mean outside class,RA08,27,az/sup,34,"75,01 - 100,00","2,532.72 ha / 20.0 = 126.636 ha, class 75.01–100.0"
mean outside class,RA08,28,az/sup,34,"100,01 - 150,00","1,015.95 ha / 6.0 = 169.325 ha, class 100.01–150.0"
mean outside class,RA08,29,az/sup,34,"150,01 - 200,00","668.21 ha / 3.0 = 222.737 ha, class 150.01–200.0"
zero mismatch,RA08,30,az/sup,34,"200,01 - 250,00",az 0.0 sup 886.59
mean outside class,RA09,2,az/sup,35,"fino a 0,10","5.85 ha / 13.0 = 0.450 ha, class 0.0–0.1"
mean outside class,RA09,19,az/sup,35,"10,01 - 12,50","1,509.31 ha / 111.0 = 13.597 ha, class 10.01–12.5"
mean outside class,RA09,20,az/sup,35,"12,51 - 15,00","1,854.09 ha / 110.0 = 16.855 ha, class 12.51–15.0"
mean outside class,RA09,21,az/sup,35,"15,01 - 20,00","1,269.50 ha / 57.0 = 22.272 ha, class 15.01–20.0"
mean outside class,RA09,22,az/sup,35,"20,01 - 25,00","921.42 ha / 34.0 = 27.101 ha, class 20.01–25.0"
mean outside class,RA09,24,az/sup,35,"30,01 - 40,00","1,184.81 ha / 27.0 = 43.882 ha, class 30.01–40.0"
mean outside class,RA09,27,az/sup,35,"75,01 - 100,00","2,673.82 ha / 22.0 = 121.537 ha, class 75.01–100.0"
mean outside class,RA09,28,az/sup,35,"100,01 - 150,00","1,477.75 ha / 9.0 = 164.194 ha, class 100.01–150.0"
zero mismatch,RA09,29,az/sup,35,"150,01 - 200,00",az 0.0 sup 239.88
mean outside class,RA09,31,az/sup,35,"250,01 - 500,00","560.65 ha / 1.0 = 560.650 ha, class 250.01–500.0"
zero mismatch,RA10,19,az/sup,35,"10,01 - 12,50",az 194.0 sup 0.0
zero mismatch,RA10,22,az/sup,35,"20,01 - 25,00",az 0.0 sup 1731.08
zero mismatch,RA10,23,az/sup,35,"25,01 - 30,00",az 0.0 sup 2913.53
mean outside class,RA10,25,az/sup,35,"40,01 - 50,00","5,222.46 ha / 87.0 = 60.028 ha, class 40.01–50.0"
mean outside class,RA10,26,az/sup,35,"50,01 - 75,00","3,614.44 ha / 42.0 = 86.058 ha, class 50.01–75.0"
mean outside class,RA10,27,az/sup,35,"75,01 - 100,00","4,751.93 ha / 39.0 = 121.844 ha, class 75.01–100.0"
mean outside class,RA10,28,az/sup,35,"100,01 - 150,00","2,495.50 ha / 14.0 = 178.250 ha, class 100.01–150.0"
mean outside class,RA10,29,az/sup,35,"150,01 - 200,00","890.94 ha / 4.0 = 222.735 ha, class 150.01–200.0"
zero mismatch,RA10,30,az/sup,35,"200,01 - 250,00",az 0.0 sup 1604.44
zero mismatch,RA10,31,az/sup,35,"250,01 - 500,00",az 0.0 sup 1267.35
zero mismatch,TAV1,18,az/sup,10,"7,51 - 10,00",az 0.0 sup 12247.27
mean outside class,TAV1,19,az/sup,10,"10,01 - 12,50","9,125.43 ha / 668.0 = 13.661 ha, class 10.01–12.5"
mean outside class,TAV1,20,az/sup,10,"12,51 - 15,00","13,400.21 ha / 782.0 = 17.136 ha, class 12.51–15.0"
mean outside class,TAV1,21,az/sup,10,"15,01 - 20,00","9,321.53 ha / 416.0 = 22.408 ha, class 15.01–20.0"
mean outside class,TAV1,22,az/sup,10,"20,01 - 25,00","6,852.08 ha / 251.0 = 27.299 ha, class 20.01–25.0"
mean outside class,TAV1,23,az/sup,10,"25,01 - 30,00","10,484.41 ha / 303.0 = 34.602 ha, class 25.01–30.0"
mean outside class,TAV1,24,az/sup,10,"30,01 - 40,00","9,316.94 ha / 210.0 = 44.366 ha, class 30.01–40.0"
mean outside class,TAV1,26,az/sup,10,"50,01 - 75,00","12,274.00 ha / 143.0 = 85.832 ha, class 50.01–75.0"
mean outside class,TAV1,27,az/sup,10,"75,01 - 100,00","14,622.79 ha / 120.0 = 121.857 ha, class 75.01–100.0"
mean outside class,TAV1,28,az/sup,10,"100,01 - 150,00","7,431.46 ha / 43.0 = 172.825 ha, class 100.01–150.0"
mean outside class,TAV1,29,az/sup,10,"150,01 - 200,00","2,685.58 ha / 12.0 = 223.798 ha, class 150.01–200.0"
mean outside class,TAV1,30,az/sup,10,"200,01 - 250,00","14,389.73 ha / 39.0 = 368.967 ha, class 200.01–250.0"
mean outside class,TAV1,31,az/sup,10,"250,01 - 500,00","14,614.61 ha / 21.0 = 695.934 ha, class 250.01–500.0"
mean outside class,TAV1,32,az/sup,10,"500,01 - 1.000,00","7,764.69 ha / 6.0 = 1294.115 ha, class 500.01–1000.0"
suspect cell,RA03,10,sup,32,"1,51 - 2,00",fails both block sum and Tav. 1 sum
suspect cell,RA03,32,sup,32,"500,01 - 1.000,00",fails both block sum and Tav. 1 sum
suspect cell,RA03,19,sup,32,"10,01 - 12,50",fails both block sum and Tav. 1 sum
suspect cell,RA03,21,sup,32,"15,01 - 20,00",fails both block sum and Tav. 1 sum
suspect cell,RA03,12,sup,32,"2,51 - 3,00",fails both block sum and Tav. 1 sum
suspect cell,RA03,23,sup,32,"25,01 - 30,00",fails both block sum and Tav. 1 sum
suspect cell,RA03,3,sup,32,"0,11 - 0,20",fails both block sum and Tav. 1 sum
suspect cell,RA03,14,sup,32,"3,51 - 4,00",fails both block sum and Tav. 1 sum
suspect cell,RA03,5,sup,32,"0,31 - 0,40",fails both block sum and Tav. 1 sum
suspect cell,RA03,27,sup,32,"75,01 - 100,00",fails both block sum and Tav. 1 sum
suspect cell,RA03,25,sup,32,"40,01 - 50,00",fails both block sum and Tav. 1 sum
suspect cell,RA03,16,sup,32,"4,51 - 5,00",fails both block sum and Tav. 1 sum
suspect cell,RA03,7,sup,32,"0,51 - 0,75",fails both block sum and Tav. 1 sum
suspect cell,RA03,18,sup,32,"7,51 - 10,00",fails both block sum and Tav. 1 sum
suspect cell,RA03,29,sup,32,"150,01 - 200,00",fails both block sum and Tav. 1 sum
suspect cell,RA03,20,sup,32,"12,51 - 15,00",fails both block sum and Tav. 1 sum
suspect cell,RA03,31,sup,32,"250,01 - 500,00",fails both block sum and Tav. 1 sum
suspect cell,RA03,22,sup,32,"20,01 - 25,00",fails both block sum and Tav. 1 sum
suspect cell,RA03,28,sup,32,"100,01 - 150,00",fails both block sum and Tav. 1 sum
suspect cell,RA03,30,sup,32,"200,01 - 250,00",fails both block sum and Tav. 1 sum
suspect cell,RA03,9,sup,32,"1,01 - 1,50",fails both block sum and Tav. 1 sum
suspect cell,RA03,11,sup,32,"2,01 - 2,50",fails both block sum and Tav. 1 sum
suspect cell,RA03,2,sup,32,"fino a 0,10",fails both block sum and Tav. 1 sum
suspect cell,RA03,13,sup,32,"3,01 - 3,50",fails both block sum and Tav. 1 sum
suspect cell,RA03,24,sup,32,"30,01 - 40,00",fails both block sum and Tav. 1 sum
suspect cell,RA03,15,sup,32,"4,01 - 4,50",fails both block sum and Tav. 1 sum
suspect cell,RA03,26,sup,32,"50,01 - 75,00",fails both block sum and Tav. 1 sum
suspect cell,RA03,4,sup,32,"0,21 - 0,30",fails both block sum and Tav. 1 sum
suspect cell,RA03,17,sup,32,"5,01 - 7,50",fails both block sum and Tav. 1 sum
suspect cell,RA03,8,sup,32,"0,76 - 1,00",fails both block sum and Tav. 1 sum
suspect cell,RA08,10,sup,34,"1,51 - 2,00",fails both block sum and Tav. 1 sum
suspect cell,RA08,32,sup,34,"500,01 - 1.000,00",fails both block sum and Tav. 1 sum
suspect cell,RA08,19,sup,34,"10,01 - 12,50",fails both block sum and Tav. 1 sum
suspect cell,RA08,21,sup,34,"15,01 - 20,00",fails both block sum and Tav. 1 sum
suspect cell,RA08,12,sup,34,"2,51 - 3,00",fails both block sum and Tav. 1 sum
suspect cell,RA08,23,sup,34,"25,01 - 30,00",fails both block sum and Tav. 1 sum
suspect cell,RA08,3,sup,34,"0,11 - 0,20",fails both block sum and Tav. 1 sum
suspect cell,RA08,14,sup,34,"3,51 - 4,00",fails both block sum and Tav. 1 sum
suspect cell,RA08,5,sup,34,"0,31 - 0,40",fails both block sum and Tav. 1 sum
suspect cell,RA08,27,sup,34,"75,01 - 100,00",fails both block sum and Tav. 1 sum
suspect cell,RA08,25,sup,34,"40,01 - 50,00",fails both block sum and Tav. 1 sum
suspect cell,RA08,16,sup,34,"4,51 - 5,00",fails both block sum and Tav. 1 sum
suspect cell,RA08,7,sup,34,"0,51 - 0,75",fails both block sum and Tav. 1 sum
suspect cell,RA08,18,sup,34,"7,51 - 10,00",fails both block sum and Tav. 1 sum
suspect cell,RA08,29,sup,34,"150,01 - 200,00",fails both block sum and Tav. 1 sum
suspect cell,RA08,20,sup,34,"12,51 - 15,00",fails both block sum and Tav. 1 sum
suspect cell,RA08,31,sup,34,"250,01 - 500,00",fails both block sum and Tav. 1 sum
suspect cell,RA08,22,sup,34,"20,01 - 25,00",fails both block sum and Tav. 1 sum
suspect cell,RA08,28,sup,34,"100,01 - 150,00",fails both block sum and Tav. 1 sum
suspect cell,RA08,30,sup,34,"200,01 - 250,00",fails both block sum and Tav. 1 sum
suspect cell,RA08,9,sup,34,"1,01 - 1,50",fails both block sum and Tav. 1 sum
suspect cell,RA08,11,sup,34,"2,01 - 2,50",fails both block sum and Tav. 1 sum
suspect cell,RA08,2,sup,34,"fino a 0,10",fails both block sum and Tav. 1 sum
suspect cell,RA08,13,sup,34,"3,01 - 3,50",fails both block sum and Tav. 1 sum
suspect cell,RA08,24,sup,34,"30,01 - 40,00",fails both block sum and Tav. 1 sum
suspect cell,RA08,15,sup,34,"4,01 - 4,50",fails both block sum and Tav. 1 sum
suspect cell,RA08,26,sup,34,"50,01 - 75,00",fails both block sum and Tav. 1 sum
suspect cell,RA08,4,sup,34,"0,21 - 0,30",fails both block sum and Tav. 1 sum
suspect cell,RA08,17,sup,34,"5,01 - 7,50",fails both block sum and Tav. 1 sum
suspect cell,RA08,8,sup,34,"0,76 - 1,00",fails both block sum and Tav. 1 sum
suspect cell,RA05,10,sup,33,"1,51 - 2,00",fails both block sum and Tav. 1 sum
suspect cell,RA05,32,sup,33,"500,01 - 1.000,00",fails both block sum and Tav. 1 sum
suspect cell,RA05,19,sup,33,"10,01 - 12,50",fails both block sum and Tav. 1 sum
suspect cell,RA05,21,sup,33,"15,01 - 20,00",fails both block sum and Tav. 1 sum
suspect cell,RA05,12,sup,33,"2,51 - 3,00",fails both block sum and Tav. 1 sum
suspect cell,RA05,23,sup,33,"25,01 - 30,00",fails both block sum and Tav. 1 sum
suspect cell,RA05,3,sup,33,"0,11 - 0,20",fails both block sum and Tav. 1 sum
suspect cell,RA05,14,sup,33,"3,51 - 4,00",fails both block sum and Tav. 1 sum
suspect cell,RA05,5,sup,33,"0,31 - 0,40",fails both block sum and Tav. 1 sum
suspect cell,RA05,27,sup,33,"75,01 - 100,00",fails both block sum and Tav. 1 sum
suspect cell,RA05,25,sup,33,"40,01 - 50,00",fails both block sum and Tav. 1 sum
suspect cell,RA05,16,sup,33,"4,51 - 5,00",fails both block sum and Tav. 1 sum
suspect cell,RA05,7,sup,33,"0,51 - 0,75",fails both block sum and Tav. 1 sum
suspect cell,RA05,18,sup,33,"7,51 - 10,00",fails both block sum and Tav. 1 sum
suspect cell,RA05,29,sup,33,"150,01 - 200,00",fails both block sum and Tav. 1 sum
suspect cell,RA05,20,sup,33,"12,51 - 15,00",fails both block sum and Tav. 1 sum
suspect cell,RA05,31,sup,33,"250,01 - 500,00",fails both block sum and Tav. 1 sum
suspect cell,RA05,22,sup,33,"20,01 - 25,00",fails both block sum and Tav. 1 sum
suspect cell,RA05,28,sup,33,"100,01 - 150,00",fails both block sum and Tav. 1 sum
suspect cell,RA05,30,sup,33,"200,01 - 250,00",fails both block sum and Tav. 1 sum
suspect cell,RA05,9,sup,33,"1,01 - 1,50",fails both block sum and Tav. 1 sum
suspect cell,RA05,11,sup,33,"2,01 - 2,50",fails both block sum and Tav. 1 sum
suspect cell,RA05,2,sup,33,"fino a 0,10",fails both block sum and Tav. 1 sum
suspect cell,RA05,13,sup,33,"3,01 - 3,50",fails both block sum and Tav. 1 sum
suspect cell,RA05,24,sup,33,"30,01 - 40,00",fails both block sum and Tav. 1 sum
suspect cell,RA05,15,sup,33,"4,01 - 4,50",fails both block sum and Tav. 1 sum
suspect cell,RA05,26,sup,33,"50,01 - 75,00",fails both block sum and Tav. 1 sum
suspect cell,RA05,4,sup,33,"0,21 - 0,30",fails both block sum and Tav. 1 sum
suspect cell,RA05,17,sup,33,"5,01 - 7,50",fails both block sum and Tav. 1 sum
suspect cell,RA05,8,sup,33,"0,76 - 1,00",fails both block sum and Tav. 1 sum
suspect cell,RA03,17,az,32,"5,01 - 7,50",fails both block sum and Tav. 1 sum
suspect cell,RA03,28,az,32,"100,01 - 150,00",fails both block sum and Tav. 1 sum
suspect cell,RA03,8,az,32,"0,76 - 1,00",fails both block sum and Tav. 1 sum
suspect cell,RA03,19,az,32,"10,01 - 12,50",fails both block sum and Tav. 1 sum
suspect cell,RA03,30,az,32,"200,01 - 250,00",fails both block sum and Tav. 1 sum
suspect cell,RA03,10,az,32,"1,51 - 2,00",fails both block sum and Tav. 1 sum
suspect cell,RA03,32,az,32,"500,01 - 1.000,00",fails both block sum and Tav. 1 sum
suspect cell,RA03,1,az,32,Senza terreno agrario,fails both block sum and Tav. 1 sum
suspect cell,RA03,21,az,32,"15,01 - 20,00",fails both block sum and Tav. 1 sum
suspect cell,RA03,12,az,32,"2,51 - 3,00",fails both block sum and Tav. 1 sum
suspect cell,RA03,23,az,32,"25,01 - 30,00",fails both block sum and Tav. 1 sum
suspect cell,RA03,3,az,32,"0,11 - 0,20",fails both block sum and Tav. 1 sum
suspect cell,RA03,14,az,32,"3,51 - 4,00",fails both block sum and Tav. 1 sum
suspect cell,RA03,5,az,32,"0,31 - 0,40",fails both block sum and Tav. 1 sum
suspect cell,RA03,27,az,32,"75,01 - 100,00",fails both block sum and Tav. 1 sum
suspect cell,RA03,25,az,32,"40,01 - 50,00",fails both block sum and Tav. 1 sum
suspect cell,RA03,16,az,32,"4,51 - 5,00",fails both block sum and Tav. 1 sum
suspect cell,RA03,18,az,32,"7,51 - 10,00",fails both block sum and Tav. 1 sum
suspect cell,RA03,29,az,32,"150,01 - 200,00",fails both block sum and Tav. 1 sum
suspect cell,RA03,20,az,32,"12,51 - 15,00",fails both block sum and Tav. 1 sum
suspect cell,RA03,31,az,32,"250,01 - 500,00",fails both block sum and Tav. 1 sum
suspect cell,RA03,22,az,32,"20,01 - 25,00",fails both block sum and Tav. 1 sum
suspect cell,RA03,9,az,32,"1,01 - 1,50",fails both block sum and Tav. 1 sum
suspect cell,RA03,11,az,32,"2,01 - 2,50",fails both block sum and Tav. 1 sum
suspect cell,RA03,2,az,32,"fino a 0,10",fails both block sum and Tav. 1 sum
suspect cell,RA03,13,az,32,"3,01 - 3,50",fails both block sum and Tav. 1 sum
suspect cell,RA03,24,az,32,"30,01 - 40,00",fails both block sum and Tav. 1 sum
suspect cell,RA03,15,az,32,"4,01 - 4,50",fails both block sum and Tav. 1 sum
suspect cell,RA03,26,az,32,"50,01 - 75,00",fails both block sum and Tav. 1 sum
suspect cell,RA08,17,az,34,"5,01 - 7,50",fails both block sum and Tav. 1 sum
suspect cell,RA08,28,az,34,"100,01 - 150,00",fails both block sum and Tav. 1 sum
suspect cell,RA08,8,az,34,"0,76 - 1,00",fails both block sum and Tav. 1 sum
suspect cell,RA08,19,az,34,"10,01 - 12,50",fails both block sum and Tav. 1 sum
suspect cell,RA08,30,az,34,"200,01 - 250,00",fails both block sum and Tav. 1 sum
suspect cell,RA08,10,az,34,"1,51 - 2,00",fails both block sum and Tav. 1 sum
suspect cell,RA08,32,az,34,"500,01 - 1.000,00",fails both block sum and Tav. 1 sum
suspect cell,RA08,1,az,34,Senza terreno agrario,fails both block sum and Tav. 1 sum
suspect cell,RA08,21,az,34,"15,01 - 20,00",fails both block sum and Tav. 1 sum
suspect cell,RA08,12,az,34,"2,51 - 3,00",fails both block sum and Tav. 1 sum
suspect cell,RA08,23,az,34,"25,01 - 30,00",fails both block sum and Tav. 1 sum
suspect cell,RA08,3,az,34,"0,11 - 0,20",fails both block sum and Tav. 1 sum
suspect cell,RA08,14,az,34,"3,51 - 4,00",fails both block sum and Tav. 1 sum
suspect cell,RA08,5,az,34,"0,31 - 0,40",fails both block sum and Tav. 1 sum
suspect cell,RA08,27,az,34,"75,01 - 100,00",fails both block sum and Tav. 1 sum
suspect cell,RA08,25,az,34,"40,01 - 50,00",fails both block sum and Tav. 1 sum
suspect cell,RA08,16,az,34,"4,51 - 5,00",fails both block sum and Tav. 1 sum
suspect cell,RA08,18,az,34,"7,51 - 10,00",fails both block sum and Tav. 1 sum
suspect cell,RA08,29,az,34,"150,01 - 200,00",fails both block sum and Tav. 1 sum
suspect cell,RA08,20,az,34,"12,51 - 15,00",fails both block sum and Tav. 1 sum
suspect cell,RA08,31,az,34,"250,01 - 500,00",fails both block sum and Tav. 1 sum
suspect cell,RA08,22,az,34,"20,01 - 25,00",fails both block sum and Tav. 1 sum
suspect cell,RA08,9,az,34,"1,01 - 1,50",fails both block sum and Tav. 1 sum
suspect cell,RA08,11,az,34,"2,01 - 2,50",fails both block sum and Tav. 1 sum
suspect cell,RA08,2,az,34,"fino a 0,10",fails both block sum and Tav. 1 sum
suspect cell,RA08,13,az,34,"3,01 - 3,50",fails both block sum and Tav. 1 sum
suspect cell,RA08,24,az,34,"30,01 - 40,00",fails both block sum and Tav. 1 sum
suspect cell,RA08,15,az,34,"4,01 - 4,50",fails both block sum and Tav. 1 sum
suspect cell,RA08,26,az,34,"50,01 - 75,00",fails both block sum and Tav. 1 sum
suspect cell,RA01,10,sup,31,"1,51 - 2,00",fails both block sum and Tav. 1 sum
suspect cell,RA01,32,sup,31,"500,01 - 1.000,00",fails both block sum and Tav. 1 sum
suspect cell,RA01,19,sup,31,"10,01 - 12,50",fails both block sum and Tav. 1 sum
suspect cell,RA01,21,sup,31,"15,01 - 20,00",fails both block sum and Tav. 1 sum
suspect cell,RA01,12,sup,31,"2,51 - 3,00",fails both block sum and Tav. 1 sum
suspect cell,RA01,23,sup,31,"25,01 - 30,00",fails both block sum and Tav. 1 sum
suspect cell,RA01,3,sup,31,"0,11 - 0,20",fails both block sum and Tav. 1 sum
suspect cell,RA01,14,sup,31,"3,51 - 4,00",fails both block sum and Tav. 1 sum
suspect cell,RA01,5,sup,31,"0,31 - 0,40",fails both block sum and Tav. 1 sum
suspect cell,RA01,27,sup,31,"75,01 - 100,00",fails both block sum and Tav. 1 sum
suspect cell,RA01,25,sup,31,"40,01 - 50,00",fails both block sum and Tav. 1 sum
suspect cell,RA01,16,sup,31,"4,51 - 5,00",fails both block sum and Tav. 1 sum
suspect cell,RA01,7,sup,31,"0,51 - 0,75",fails both block sum and Tav. 1 sum
suspect cell,RA01,18,sup,31,"7,51 - 10,00",fails both block sum and Tav. 1 sum
suspect cell,RA01,29,sup,31,"150,01 - 200,00",fails both block sum and Tav. 1 sum
suspect cell,RA01,20,sup,31,"12,51 - 15,00",fails both block sum and Tav. 1 sum
suspect cell,RA01,31,sup,31,"250,01 - 500,00",fails both block sum and Tav. 1 sum
suspect cell,RA01,22,sup,31,"20,01 - 25,00",fails both block sum and Tav. 1 sum
suspect cell,RA01,28,sup,31,"100,01 - 150,00",fails both block sum and Tav. 1 sum
suspect cell,RA01,30,sup,31,"200,01 - 250,00",fails both block sum and Tav. 1 sum
suspect cell,RA01,9,sup,31,"1,01 - 1,50",fails both block sum and Tav. 1 sum
suspect cell,RA01,11,sup,31,"2,01 - 2,50",fails both block sum and Tav. 1 sum
suspect cell,RA01,2,sup,31,"fino a 0,10",fails both block sum and Tav. 1 sum
suspect cell,RA01,13,sup,31,"3,01 - 3,50",fails both block sum and Tav. 1 sum
suspect cell,RA01,24,sup,31,"30,01 - 40,00",fails both block sum and Tav. 1 sum
suspect cell,RA01,15,sup,31,"4,01 - 4,50",fails both block sum and Tav. 1 sum
suspect cell,RA01,26,sup,31,"50,01 - 75,00",fails both block sum and Tav. 1 sum
suspect cell,RA01,4,sup,31,"0,21 - 0,30",fails both block sum and Tav. 1 sum
suspect cell,RA01,17,sup,31,"5,01 - 7,50",fails both block sum and Tav. 1 sum
suspect cell,RA01,8,sup,31,"0,76 - 1,00",fails both block sum and Tav. 1 sum
suspect cell,RA05,17,az,33,"5,01 - 7,50",fails both block sum and Tav. 1 sum
suspect cell,RA05,28,az,33,"100,01 - 150,00",fails both block sum and Tav. 1 sum
suspect cell,RA05,8,az,33,"0,76 - 1,00",fails both block sum and Tav. 1 sum
suspect cell,RA05,19,az,33,"10,01 - 12,50",fails both block sum and Tav. 1 sum
suspect cell,RA05,30,az,33,"200,01 - 250,00",fails both block sum and Tav. 1 sum
suspect cell,RA05,10,az,33,"1,51 - 2,00",fails both block sum and Tav. 1 sum
suspect cell,RA05,32,az,33,"500,01 - 1.000,00",fails both block sum and Tav. 1 sum
suspect cell,RA05,1,az,33,Senza terreno agrario,fails both block sum and Tav. 1 sum
suspect cell,RA05,21,az,33,"15,01 - 20,00",fails both block sum and Tav. 1 sum
suspect cell,RA05,12,az,33,"2,51 - 3,00",fails both block sum and Tav. 1 sum
suspect cell,RA05,23,az,33,"25,01 - 30,00",fails both block sum and Tav. 1 sum
suspect cell,RA05,3,az,33,"0,11 - 0,20",fails both block sum and Tav. 1 sum
suspect cell,RA05,14,az,33,"3,51 - 4,00",fails both block sum and Tav. 1 sum
suspect cell,RA05,5,az,33,"0,31 - 0,40",fails both block sum and Tav. 1 sum
suspect cell,RA05,27,az,33,"75,01 - 100,00",fails both block sum and Tav. 1 sum
suspect cell,RA05,25,az,33,"40,01 - 50,00",fails both block sum and Tav. 1 sum
suspect cell,RA05,16,az,33,"4,51 - 5,00",fails both block sum and Tav. 1 sum
suspect cell,RA05,18,az,33,"7,51 - 10,00",fails both block sum and Tav. 1 sum
suspect cell,RA05,29,az,33,"150,01 - 200,00",fails both block sum and Tav. 1 sum
suspect cell,RA05,20,az,33,"12,51 - 15,00",fails both block sum and Tav. 1 sum
suspect cell,RA05,31,az,33,"250,01 - 500,00",fails both block sum and Tav. 1 sum
suspect cell,RA05,22,az,33,"20,01 - 25,00",fails both block sum and Tav. 1 sum
suspect cell,RA05,9,az,33,"1,01 - 1,50",fails both block sum and Tav. 1 sum
suspect cell,RA05,11,az,33,"2,01 - 2,50",fails both block sum and Tav. 1 sum
suspect cell,RA05,2,az,33,"fino a 0,10",fails both block sum and Tav. 1 sum
suspect cell,RA05,13,az,33,"3,01 - 3,50",fails both block sum and Tav. 1 sum
suspect cell,RA05,24,az,33,"30,01 - 40,00",fails both block sum and Tav. 1 sum
suspect cell,RA05,15,az,33,"4,01 - 4,50",fails both block sum and Tav. 1 sum
suspect cell,RA05,26,az,33,"50,01 - 75,00",fails both block sum and Tav. 1 sum
suspect cell,RA01,17,az,31,"5,01 - 7,50",fails both block sum and Tav. 1 sum
suspect cell,RA01,28,az,31,"100,01 - 150,00",fails both block sum and Tav. 1 sum
suspect cell,RA01,8,az,31,"0,76 - 1,00",fails both block sum and Tav. 1 sum
suspect cell,RA01,19,az,31,"10,01 - 12,50",fails both block sum and Tav. 1 sum
suspect cell,RA01,30,az,31,"200,01 - 250,00",fails both block sum and Tav. 1 sum
suspect cell,RA01,10,az,31,"1,51 - 2,00",fails both block sum and Tav. 1 sum
suspect cell,RA01,32,az,31,"500,01 - 1.000,00",fails both block sum and Tav. 1 sum
suspect cell,RA01,1,az,31,Senza terreno agrario,fails both block sum and Tav. 1 sum
suspect cell,RA01,21,az,31,"15,01 - 20,00",fails both block sum and Tav. 1 sum
suspect cell,RA01,12,az,31,"2,51 - 3,00",fails both block sum and Tav. 1 sum
suspect cell,RA01,23,az,31,"25,01 - 30,00",fails both block sum and Tav. 1 sum
suspect cell,RA01,3,az,31,"0,11 - 0,20",fails both block sum and Tav. 1 sum
suspect cell,RA01,14,az,31,"3,51 - 4,00",fails both block sum and Tav. 1 sum
suspect cell,RA01,5,az,31,"0,31 - 0,40",fails both block sum and Tav. 1 sum
suspect cell,RA01,27,az,31,"75,01 - 100,00",fails both block sum and Tav. 1 sum
suspect cell,RA01,25,az,31,"40,01 - 50,00",fails both block sum and Tav. 1 sum
suspect cell,RA01,16,az,31,"4,51 - 5,00",fails both block sum and Tav. 1 sum
suspect cell,RA01,18,az,31,"7,51 - 10,00",fails both block sum and Tav. 1 sum
suspect cell,RA01,29,az,31,"150,01 - 200,00",fails both block sum and Tav. 1 sum
suspect cell,RA01,20,az,31,"12,51 - 15,00",fails both block sum and Tav. 1 sum
suspect cell,RA01,31,az,31,"250,01 - 500,00",fails both block sum and Tav. 1 sum
suspect cell,RA01,22,az,31,"20,01 - 25,00",fails both block sum and Tav. 1 sum
suspect cell,RA01,9,az,31,"1,01 - 1,50",fails both block sum and Tav. 1 sum
suspect cell,RA01,11,az,31,"2,01 - 2,50",fails both block sum and Tav. 1 sum
suspect cell,RA01,2,az,31,"fino a 0,10",fails both block sum and Tav. 1 sum
suspect cell,RA01,13,az,31,"3,01 - 3,50",fails both block sum and Tav. 1 sum
suspect cell,RA01,24,az,31,"30,01 - 40,00",fails both block sum and Tav. 1 sum
suspect cell,RA01,15,az,31,"4,01 - 4,50",fails both block sum and Tav. 1 sum
suspect cell,RA01,26,az,31,"50,01 - 75,00",fails both block sum and Tav. 1 sum
suspect cell,RA10,10,sup,35,"1,51 - 2,00",fails both block sum and Tav. 1 sum
suspect cell,RA10,32,sup,35,"500,01 - 1.000,00",fails both block sum and Tav. 1 sum
suspect cell,RA10,19,sup,35,"10,01 - 12,50",fails both block sum and Tav. 1 sum
suspect cell,RA10,21,sup,35,"15,01 - 20,00",fails both block sum and Tav. 1 sum
suspect cell,RA10,12,sup,35,"2,51 - 3,00",fails both block sum and Tav. 1 sum
suspect cell,RA10,23,sup,35,"25,01 - 30,00",fails both block sum and Tav. 1 sum
suspect cell,RA10,3,sup,35,"0,11 - 0,20",fails both block sum and Tav. 1 sum
suspect cell,RA10,14,sup,35,"3,51 - 4,00",fails both block sum and Tav. 1 sum
suspect cell,RA10,5,sup,35,"0,31 - 0,40",fails both block sum and Tav. 1 sum
suspect cell,RA10,27,sup,35,"75,01 - 100,00",fails both block sum and Tav. 1 sum
suspect cell,RA10,25,sup,35,"40,01 - 50,00",fails both block sum and Tav. 1 sum
suspect cell,RA10,16,sup,35,"4,51 - 5,00",fails both block sum and Tav. 1 sum
suspect cell,RA10,7,sup,35,"0,51 - 0,75",fails both block sum and Tav. 1 sum
suspect cell,RA10,18,sup,35,"7,51 - 10,00",fails both block sum and Tav. 1 sum
suspect cell,RA10,29,sup,35,"150,01 - 200,00",fails both block sum and Tav. 1 sum
suspect cell,RA10,20,sup,35,"12,51 - 15,00",fails both block sum and Tav. 1 sum
suspect cell,RA10,31,sup,35,"250,01 - 500,00",fails both block sum and Tav. 1 sum
suspect cell,RA10,22,sup,35,"20,01 - 25,00",fails both block sum and Tav. 1 sum
suspect cell,RA10,28,sup,35,"100,01 - 150,00",fails both block sum and Tav. 1 sum
suspect cell,RA10,30,sup,35,"200,01 - 250,00",fails both block sum and Tav. 1 sum
suspect cell,RA10,9,sup,35,"1,01 - 1,50",fails both block sum and Tav. 1 sum
suspect cell,RA10,11,sup,35,"2,01 - 2,50",fails both block sum and Tav. 1 sum
suspect cell,RA10,2,sup,35,"fino a 0,10",fails both block sum and Tav. 1 sum
suspect cell,RA10,13,sup,35,"3,01 - 3,50",fails both block sum and Tav. 1 sum
suspect cell,RA10,24,sup,35,"30,01 - 40,00",fails both block sum and Tav. 1 sum
suspect cell,RA10,15,sup,35,"4,01 - 4,50",fails both block sum and Tav. 1 sum
suspect cell,RA10,26,sup,35,"50,01 - 75,00",fails both block sum and Tav. 1 sum
suspect cell,RA10,4,sup,35,"0,21 - 0,30",fails both block sum and Tav. 1 sum
suspect cell,RA10,17,sup,35,"5,01 - 7,50",fails both block sum and Tav. 1 sum
suspect cell,RA10,8,sup,35,"0,76 - 1,00",fails both block sum and Tav. 1 sum
suspect cell,RA10,17,az,35,"5,01 - 7,50",fails both block sum and Tav. 1 sum
suspect cell,RA10,28,az,35,"100,01 - 150,00",fails both block sum and Tav. 1 sum
suspect cell,RA10,8,az,35,"0,76 - 1,00",fails both block sum and Tav. 1 sum
suspect cell,RA10,19,az,35,"10,01 - 12,50",fails both block sum and Tav. 1 sum
suspect cell,RA10,30,az,35,"200,01 - 250,00",fails both block sum and Tav. 1 sum
suspect cell,RA10,10,az,35,"1,51 - 2,00",fails both block sum and Tav. 1 sum
suspect cell,RA10,32,az,35,"500,01 - 1.000,00",fails both block sum and Tav. 1 sum
suspect cell,RA10,1,az,35,Senza terreno agrario,fails both block sum and Tav. 1 sum
suspect cell,RA10,21,az,35,"15,01 - 20,00",fails both block sum and Tav. 1 sum
suspect cell,RA10,12,az,35,"2,51 - 3,00",fails both block sum and Tav. 1 sum
suspect cell,RA10,23,az,35,"25,01 - 30,00",fails both block sum and Tav. 1 sum
suspect cell,RA10,3,az,35,"0,11 - 0,20",fails both block sum and Tav. 1 sum
suspect cell,RA10,14,az,35,"3,51 - 4,00",fails both block sum and Tav. 1 sum
suspect cell,RA10,5,az,35,"0,31 - 0,40",fails both block sum and Tav. 1 sum
suspect cell,RA10,27,az,35,"75,01 - 100,00",fails both block sum and Tav. 1 sum
suspect cell,RA10,25,az,35,"40,01 - 50,00",fails both block sum and Tav. 1 sum
suspect cell,RA10,16,az,35,"4,51 - 5,00",fails both block sum and Tav. 1 sum
suspect cell,RA10,18,az,35,"7,51 - 10,00",fails both block sum and Tav. 1 sum
suspect cell,RA10,29,az,35,"150,01 - 200,00",fails both block sum and Tav. 1 sum
suspect cell,RA10,20,az,35,"12,51 - 15,00",fails both block sum and Tav. 1 sum
suspect cell,RA10,31,az,35,"250,01 - 500,00",fails both block sum and Tav. 1 sum
suspect cell,RA10,22,az,35,"20,01 - 25,00",fails both block sum and Tav. 1 sum
suspect cell,RA10,9,az,35,"1,01 - 1,50",fails both block sum and Tav. 1 sum
suspect cell,RA10,11,az,35,"2,01 - 2,50",fails both block sum and Tav. 1 sum
suspect cell,RA10,2,az,35,"fino a 0,10",fails both block sum and Tav. 1 sum
suspect cell,RA10,13,az,35,"3,01 - 3,50",fails both block sum and Tav. 1 sum
suspect cell,RA10,24,az,35,"30,01 - 40,00",fails both block sum and Tav. 1 sum
suspect cell,RA10,15,az,35,"4,01 - 4,50",fails both block sum and Tav. 1 sum
suspect cell,RA10,26,az,35,"50,01 - 75,00",fails both block sum and Tav. 1 sum
suspect cell,RA06,10,sup,33,"1,51 - 2,00",fails both block sum and Tav. 1 sum
suspect cell,RA06,32,sup,33,"500,01 - 1.000,00",fails both block sum and Tav. 1 sum
suspect cell,RA06,19,sup,33,"10,01 - 12,50",fails both block sum and Tav. 1 sum
suspect cell,RA06,21,sup,33,"15,01 - 20,00",fails both block sum and Tav. 1 sum
suspect cell,RA06,12,sup,33,"2,51 - 3,00",fails both block sum and Tav. 1 sum
suspect cell,RA06,23,sup,33,"25,01 - 30,00",fails both block sum and Tav. 1 sum
suspect cell,RA06,3,sup,33,"0,11 - 0,20",fails both block sum and Tav. 1 sum
suspect cell,RA06,14,sup,33,"3,51 - 4,00",fails both block sum and Tav. 1 sum
suspect cell,RA06,5,sup,33,"0,31 - 0,40",fails both block sum and Tav. 1 sum
suspect cell,RA06,27,sup,33,"75,01 - 100,00",fails both block sum and Tav. 1 sum
suspect cell,RA06,25,sup,33,"40,01 - 50,00",fails both block sum and Tav. 1 sum
suspect cell,RA06,16,sup,33,"4,51 - 5,00",fails both block sum and Tav. 1 sum
suspect cell,RA06,7,sup,33,"0,51 - 0,75",fails both block sum and Tav. 1 sum
suspect cell,RA06,18,sup,33,"7,51 - 10,00",fails both block sum and Tav. 1 sum
suspect cell,RA06,29,sup,33,"150,01 - 200,00",fails both block sum and Tav. 1 sum
suspect cell,RA06,20,sup,33,"12,51 - 15,00",fails both block sum and Tav. 1 sum
suspect cell,RA06,31,sup,33,"250,01 - 500,00",fails both block sum and Tav. 1 sum
suspect cell,RA06,22,sup,33,"20,01 - 25,00",fails both block sum and Tav. 1 sum
suspect cell,RA06,28,sup,33,"100,01 - 150,00",fails both block sum and Tav. 1 sum
suspect cell,RA06,30,sup,33,"200,01 - 250,00",fails both block sum and Tav. 1 sum
suspect cell,RA06,9,sup,33,"1,01 - 1,50",fails both block sum and Tav. 1 sum
suspect cell,RA06,11,sup,33,"2,01 - 2,50",fails both block sum and Tav. 1 sum
suspect cell,RA06,2,sup,33,"fino a 0,10",fails both block sum and Tav. 1 sum
suspect cell,RA06,13,sup,33,"3,01 - 3,50",fails both block sum and Tav. 1 sum
suspect cell,RA06,24,sup,33,"30,01 - 40,00",fails both block sum and Tav. 1 sum
suspect cell,RA06,15,sup,33,"4,01 - 4,50",fails both block sum and Tav. 1 sum
suspect cell,RA06,26,sup,33,"50,01 - 75,00",fails both block sum and Tav. 1 sum
suspect cell,RA06,4,sup,33,"0,21 - 0,30",fails both block sum and Tav. 1 sum
suspect cell,RA06,17,sup,33,"5,01 - 7,50",fails both block sum and Tav. 1 sum
suspect cell,RA06,8,sup,33,"0,76 - 1,00",fails both block sum and Tav. 1 sum
suspect cell,RA04,10,sup,32,"1,51 - 2,00",fails both block sum and Tav. 1 sum
suspect cell,RA04,32,sup,32,"500,01 - 1.000,00",fails both block sum and Tav. 1 sum
suspect cell,RA04,19,sup,32,"10,01 - 12,50",fails both block sum and Tav. 1 sum
suspect cell,RA04,21,sup,32,"15,01 - 20,00",fails both block sum and Tav. 1 sum
suspect cell,RA04,12,sup,32,"2,51 - 3,00",fails both block sum and Tav. 1 sum
suspect cell,RA04,23,sup,32,"25,01 - 30,00",fails both block sum and Tav. 1 sum
suspect cell,RA04,3,sup,32,"0,11 - 0,20",fails both block sum and Tav. 1 sum
suspect cell,RA04,14,sup,32,"3,51 - 4,00",fails both block sum and Tav. 1 sum
suspect cell,RA04,5,sup,32,"0,31 - 0,40",fails both block sum and Tav. 1 sum
suspect cell,RA04,27,sup,32,"75,01 - 100,00",fails both block sum and Tav. 1 sum
suspect cell,RA04,25,sup,32,"40,01 - 50,00",fails both block sum and Tav. 1 sum
suspect cell,RA04,16,sup,32,"4,51 - 5,00",fails both block sum and Tav. 1 sum
suspect cell,RA04,7,sup,32,"0,51 - 0,75",fails both block sum and Tav. 1 sum
suspect cell,RA04,18,sup,32,"7,51 - 10,00",fails both block sum and Tav. 1 sum
suspect cell,RA04,29,sup,32,"150,01 - 200,00",fails both block sum and Tav. 1 sum
suspect cell,RA04,20,sup,32,"12,51 - 15,00",fails both block sum and Tav. 1 sum
suspect cell,RA04,31,sup,32,"250,01 - 500,00",fails both block sum and Tav. 1 sum
suspect cell,RA04,22,sup,32,"20,01 - 25,00",fails both block sum and Tav. 1 sum
suspect cell,RA04,28,sup,32,"100,01 - 150,00",fails both block sum and Tav. 1 sum
suspect cell,RA04,30,sup,32,"200,01 - 250,00",fails both block sum and Tav. 1 sum
suspect cell,RA04,9,sup,32,"1,01 - 1,50",fails both block sum and Tav. 1 sum
suspect cell,RA04,11,sup,32,"2,01 - 2,50",fails both block sum and Tav. 1 sum
suspect cell,RA04,2,sup,32,"fino a 0,10",fails both block sum and Tav. 1 sum
suspect cell,RA04,13,sup,32,"3,01 - 3,50",fails both block sum and Tav. 1 sum
suspect cell,RA04,24,sup,32,"30,01 - 40,00",fails both block sum and Tav. 1 sum
suspect cell,RA04,15,sup,32,"4,01 - 4,50",fails both block sum and Tav. 1 sum
suspect cell,RA04,26,sup,32,"50,01 - 75,00",fails both block sum and Tav. 1 sum
suspect cell,RA04,4,sup,32,"0,21 - 0,30",fails both block sum and Tav. 1 sum
suspect cell,RA04,17,sup,32,"5,01 - 7,50",fails both block sum and Tav. 1 sum
suspect cell,RA04,8,sup,32,"0,76 - 1,00",fails both block sum and Tav. 1 sum
suspect cell,RA09,10,sup,35,"1,51 - 2,00",fails both block sum and Tav. 1 sum
suspect cell,RA09,32,sup,35,"500,01 - 1.000,00",fails both block sum and Tav. 1 sum
suspect cell,RA09,19,sup,35,"10,01 - 12,50",fails both block sum and Tav. 1 sum
suspect cell,RA09,21,sup,35,"15,01 - 20,00",fails both block sum and Tav. 1 sum
suspect cell,RA09,12,sup,35,"2,51 - 3,00",fails both block sum and Tav. 1 sum
suspect cell,RA09,23,sup,35,"25,01 - 30,00",fails both block sum and Tav. 1 sum
suspect cell,RA09,3,sup,35,"0,11 - 0,20",fails both block sum and Tav. 1 sum
suspect cell,RA09,14,sup,35,"3,51 - 4,00",fails both block sum and Tav. 1 sum
suspect cell,RA09,5,sup,35,"0,31 - 0,40",fails both block sum and Tav. 1 sum
suspect cell,RA09,27,sup,35,"75,01 - 100,00",fails both block sum and Tav. 1 sum
suspect cell,RA09,25,sup,35,"40,01 - 50,00",fails both block sum and Tav. 1 sum
suspect cell,RA09,16,sup,35,"4,51 - 5,00",fails both block sum and Tav. 1 sum
suspect cell,RA09,7,sup,35,"0,51 - 0,75",fails both block sum and Tav. 1 sum
suspect cell,RA09,18,sup,35,"7,51 - 10,00",fails both block sum and Tav. 1 sum
suspect cell,RA09,29,sup,35,"150,01 - 200,00",fails both block sum and Tav. 1 sum
suspect cell,RA09,20,sup,35,"12,51 - 15,00",fails both block sum and Tav. 1 sum
suspect cell,RA09,31,sup,35,"250,01 - 500,00",fails both block sum and Tav. 1 sum
suspect cell,RA09,22,sup,35,"20,01 - 25,00",fails both block sum and Tav. 1 sum
suspect cell,RA09,28,sup,35,"100,01 - 150,00",fails both block sum and Tav. 1 sum
suspect cell,RA09,30,sup,35,"200,01 - 250,00",fails both block sum and Tav. 1 sum
suspect cell,RA09,9,sup,35,"1,01 - 1,50",fails both block sum and Tav. 1 sum
suspect cell,RA09,11,sup,35,"2,01 - 2,50",fails both block sum and Tav. 1 sum
suspect cell,RA09,2,sup,35,"fino a 0,10",fails both block sum and Tav. 1 sum
suspect cell,RA09,13,sup,35,"3,01 - 3,50",fails both block sum and Tav. 1 sum
suspect cell,RA09,24,sup,35,"30,01 - 40,00",fails both block sum and Tav. 1 sum
suspect cell,RA09,15,sup,35,"4,01 - 4,50",fails both block sum and Tav. 1 sum
suspect cell,RA09,26,sup,35,"50,01 - 75,00",fails both block sum and Tav. 1 sum
suspect cell,RA09,4,sup,35,"0,21 - 0,30",fails both block sum and Tav. 1 sum
suspect cell,RA09,17,sup,35,"5,01 - 7,50",fails both block sum and Tav. 1 sum
suspect cell,RA09,8,sup,35,"0,76 - 1,00",fails both block sum and Tav. 1 sum
suspect cell,RA06,17,az,33,"5,01 - 7,50",fails both block sum and Tav. 1 sum
suspect cell,RA06,28,az,33,"100,01 - 150,00",fails both block sum and Tav. 1 sum
suspect cell,RA06,8,az,33,"0,76 - 1,00",fails both block sum and Tav. 1 sum
suspect cell,RA06,19,az,33,"10,01 - 12,50",fails both block sum and Tav. 1 sum
suspect cell,RA06,30,az,33,"200,01 - 250,00",fails both block sum and Tav. 1 sum
suspect cell,RA06,10,az,33,"1,51 - 2,00",fails both block sum and Tav. 1 sum
suspect cell,RA06,32,az,33,"500,01 - 1.000,00",fails both block sum and Tav. 1 sum
suspect cell,RA06,1,az,33,Senza terreno agrario,fails both block sum and Tav. 1 sum
suspect cell,RA06,21,az,33,"15,01 - 20,00",fails both block sum and Tav. 1 sum
suspect cell,RA06,12,az,33,"2,51 - 3,00",fails both block sum and Tav. 1 sum
suspect cell,RA06,23,az,33,"25,01 - 30,00",fails both block sum and Tav. 1 sum
suspect cell,RA06,3,az,33,"0,11 - 0,20",fails both block sum and Tav. 1 sum
suspect cell,RA06,14,az,33,"3,51 - 4,00",fails both block sum and Tav. 1 sum
suspect cell,RA06,5,az,33,"0,31 - 0,40",fails both block sum and Tav. 1 sum
suspect cell,RA06,27,az,33,"75,01 - 100,00",fails both block sum and Tav. 1 sum
suspect cell,RA06,25,az,33,"40,01 - 50,00",fails both block sum and Tav. 1 sum
suspect cell,RA06,16,az,33,"4,51 - 5,00",fails both block sum and Tav. 1 sum
suspect cell,RA06,18,az,33,"7,51 - 10,00",fails both block sum and Tav. 1 sum
suspect cell,RA06,29,az,33,"150,01 - 200,00",fails both block sum and Tav. 1 sum
suspect cell,RA06,20,az,33,"12,51 - 15,00",fails both block sum and Tav. 1 sum
suspect cell,RA06,31,az,33,"250,01 - 500,00",fails both block sum and Tav. 1 sum
suspect cell,RA06,22,az,33,"20,01 - 25,00",fails both block sum and Tav. 1 sum
suspect cell,RA06,9,az,33,"1,01 - 1,50",fails both block sum and Tav. 1 sum
suspect cell,RA06,11,az,33,"2,01 - 2,50",fails both block sum and Tav. 1 sum
suspect cell,RA06,2,az,33,"fino a 0,10",fails both block sum and Tav. 1 sum
suspect cell,RA06,13,az,33,"3,01 - 3,50",fails both block sum and Tav. 1 sum
suspect cell,RA06,24,az,33,"30,01 - 40,00",fails both block sum and Tav. 1 sum
suspect cell,RA06,15,az,33,"4,01 - 4,50",fails both block sum and Tav. 1 sum
suspect cell,RA06,26,az,33,"50,01 - 75,00",fails both block sum and Tav. 1 sum
suspect cell,RA07,10,sup,34,"1,51 - 2,00",fails both block sum and Tav. 1 sum
suspect cell,RA07,32,sup,34,"500,01 - 1.000,00",fails both block sum and Tav. 1 sum
suspect cell,RA07,19,sup,34,"10,01 - 12,50",fails both block sum and Tav. 1 sum
suspect cell,RA07,21,sup,34,"15,01 - 20,00",fails both block sum and Tav. 1 sum
suspect cell,RA07,12,sup,34,"2,51 - 3,00",fails both block sum and Tav. 1 sum
suspect cell,RA07,23,sup,34,"25,01 - 30,00",fails both block sum and Tav. 1 sum
suspect cell,RA07,3,sup,34,"0,11 - 0,20",fails both block sum and Tav. 1 sum
suspect cell,RA07,14,sup,34,"3,51 - 4,00",fails both block sum and Tav. 1 sum
suspect cell,RA07,5,sup,34,"0,31 - 0,40",fails both block sum and Tav. 1 sum
suspect cell,RA07,27,sup,34,"75,01 - 100,00",fails both block sum and Tav. 1 sum
suspect cell,RA07,25,sup,34,"40,01 - 50,00",fails both block sum and Tav. 1 sum
suspect cell,RA07,16,sup,34,"4,51 - 5,00",fails both block sum and Tav. 1 sum
suspect cell,RA07,7,sup,34,"0,51 - 0,75",fails both block sum and Tav. 1 sum
suspect cell,RA07,18,sup,34,"7,51 - 10,00",fails both block sum and Tav. 1 sum
suspect cell,RA07,29,sup,34,"150,01 - 200,00",fails both block sum and Tav. 1 sum
suspect cell,RA07,20,sup,34,"12,51 - 15,00",fails both block sum and Tav. 1 sum
suspect cell,RA07,31,sup,34,"250,01 - 500,00",fails both block sum and Tav. 1 sum
suspect cell,RA07,22,sup,34,"20,01 - 25,00",fails both block sum and Tav. 1 sum
suspect cell,RA07,28,sup,34,"100,01 - 150,00",fails both block sum and Tav. 1 sum
suspect cell,RA07,30,sup,34,"200,01 - 250,00",fails both block sum and Tav. 1 sum
suspect cell,RA07,9,sup,34,"1,01 - 1,50",fails both block sum and Tav. 1 sum
suspect cell,RA07,11,sup,34,"2,01 - 2,50",fails both block sum and Tav. 1 sum
suspect cell,RA07,2,sup,34,"fino a 0,10",fails both block sum and Tav. 1 sum
suspect cell,RA07,13,sup,34,"3,01 - 3,50",fails both block sum and Tav. 1 sum
suspect cell,RA07,24,sup,34,"30,01 - 40,00",fails both block sum and Tav. 1 sum
suspect cell,RA07,15,sup,34,"4,01 - 4,50",fails both block sum and Tav. 1 sum
suspect cell,RA07,26,sup,34,"50,01 - 75,00",fails both block sum and Tav. 1 sum
suspect cell,RA07,4,sup,34,"0,21 - 0,30",fails both block sum and Tav. 1 sum
suspect cell,RA07,17,sup,34,"5,01 - 7,50",fails both block sum and Tav. 1 sum
suspect cell,RA07,8,sup,34,"0,76 - 1,00",fails both block sum and Tav. 1 sum
suspect cell,RA04,17,az,32,"5,01 - 7,50",fails both block sum and Tav. 1 sum
suspect cell,RA04,28,az,32,"100,01 - 150,00",fails both block sum and Tav. 1 sum
suspect cell,RA04,8,az,32,"0,76 - 1,00",fails both block sum and Tav. 1 sum
suspect cell,RA04,19,az,32,"10,01 - 12,50",fails both block sum and Tav. 1 sum
suspect cell,RA04,30,az,32,"200,01 - 250,00",fails both block sum and Tav. 1 sum
suspect cell,RA04,10,az,32,"1,51 - 2,00",fails both block sum and Tav. 1 sum
suspect cell,RA04,32,az,32,"500,01 - 1.000,00",fails both block sum and Tav. 1 sum
suspect cell,RA04,1,az,32,Senza terreno agrario,fails both block sum and Tav. 1 sum
suspect cell,RA04,21,az,32,"15,01 - 20,00",fails both block sum and Tav. 1 sum
suspect cell,RA04,12,az,32,"2,51 - 3,00",fails both block sum and Tav. 1 sum
suspect cell,RA04,23,az,32,"25,01 - 30,00",fails both block sum and Tav. 1 sum
suspect cell,RA04,3,az,32,"0,11 - 0,20",fails both block sum and Tav. 1 sum
suspect cell,RA04,14,az,32,"3,51 - 4,00",fails both block sum and Tav. 1 sum
suspect cell,RA04,5,az,32,"0,31 - 0,40",fails both block sum and Tav. 1 sum
suspect cell,RA04,27,az,32,"75,01 - 100,00",fails both block sum and Tav. 1 sum
suspect cell,RA04,25,az,32,"40,01 - 50,00",fails both block sum and Tav. 1 sum
suspect cell,RA04,16,az,32,"4,51 - 5,00",fails both block sum and Tav. 1 sum
suspect cell,RA04,18,az,32,"7,51 - 10,00",fails both block sum and Tav. 1 sum
suspect cell,RA04,29,az,32,"150,01 - 200,00",fails both block sum and Tav. 1 sum
suspect cell,RA04,20,az,32,"12,51 - 15,00",fails both block sum and Tav. 1 sum
suspect cell,RA04,31,az,32,"250,01 - 500,00",fails both block sum and Tav. 1 sum
suspect cell,RA04,22,az,32,"20,01 - 25,00",fails both block sum and Tav. 1 sum
suspect cell,RA04,9,az,32,"1,01 - 1,50",fails both block sum and Tav. 1 sum
suspect cell,RA04,11,az,32,"2,01 - 2,50",fails both block sum and Tav. 1 sum
suspect cell,RA04,2,az,32,"fino a 0,10",fails both block sum and Tav. 1 sum
suspect cell,RA04,13,az,32,"3,01 - 3,50",fails both block sum and Tav. 1 sum
suspect cell,RA04,24,az,32,"30,01 - 40,00",fails both block sum and Tav. 1 sum
suspect cell,RA04,15,az,32,"4,01 - 4,50",fails both block sum and Tav. 1 sum
suspect cell,RA04,26,az,32,"50,01 - 75,00",fails both block sum and Tav. 1 sum
suspect cell,RA09,17,az,35,"5,01 - 7,50",fails both block sum and Tav. 1 sum
suspect cell,RA09,28,az,35,"100,01 - 150,00",fails both block sum and Tav. 1 sum
suspect cell,RA09,8,az,35,"0,76 - 1,00",fails both block sum and Tav. 1 sum
suspect cell,RA09,19,az,35,"10,01 - 12,50",fails both block sum and Tav. 1 sum
suspect cell,RA09,30,az,35,"200,01 - 250,00",fails both block sum and Tav. 1 sum
suspect cell,RA09,10,az,35,"1,51 - 2,00",fails both block sum and Tav. 1 sum
suspect cell,RA09,32,az,35,"500,01 - 1.000,00",fails both block sum and Tav. 1 sum
suspect cell,RA09,1,az,35,Senza terreno agrario,fails both block sum and Tav. 1 sum
suspect cell,RA09,21,az,35,"15,01 - 20,00",fails both block sum and Tav. 1 sum
suspect cell,RA09,12,az,35,"2,51 - 3,00",fails both block sum and Tav. 1 sum
suspect cell,RA09,23,az,35,"25,01 - 30,00",fails both block sum and Tav. 1 sum
suspect cell,RA09,3,az,35,"0,11 - 0,20",fails both block sum and Tav. 1 sum
suspect cell,RA09,14,az,35,"3,51 - 4,00",fails both block sum and Tav. 1 sum
suspect cell,RA09,5,az,35,"0,31 - 0,40",fails both block sum and Tav. 1 sum
suspect cell,RA09,27,az,35,"75,01 - 100,00",fails both block sum and Tav. 1 sum
suspect cell,RA09,25,az,35,"40,01 - 50,00",fails both block sum and Tav. 1 sum
suspect cell,RA09,16,az,35,"4,51 - 5,00",fails both block sum and Tav. 1 sum
suspect cell,RA09,18,az,35,"7,51 - 10,00",fails both block sum and Tav. 1 sum
suspect cell,RA09,29,az,35,"150,01 - 200,00",fails both block sum and Tav. 1 sum
suspect cell,RA09,20,az,35,"12,51 - 15,00",fails both block sum and Tav. 1 sum
suspect cell,RA09,31,az,35,"250,01 - 500,00",fails both block sum and Tav. 1 sum
suspect cell,RA09,22,az,35,"20,01 - 25,00",fails both block sum and Tav. 1 sum
suspect cell,RA09,9,az,35,"1,01 - 1,50",fails both block sum and Tav. 1 sum
suspect cell,RA09,11,az,35,"2,01 - 2,50",fails both block sum and Tav. 1 sum
suspect cell,RA09,2,az,35,"fino a 0,10",fails both block sum and Tav. 1 sum
suspect cell,RA09,13,az,35,"3,01 - 3,50",fails both block sum and Tav. 1 sum
suspect cell,RA09,24,az,35,"30,01 - 40,00",fails both block sum and Tav. 1 sum
suspect cell,RA09,15,az,35,"4,01 - 4,50",fails both block sum and Tav. 1 sum
suspect cell,RA09,26,az,35,"50,01 - 75,00",fails both block sum and Tav. 1 sum
suspect cell,RA07,17,az,34,"5,01 - 7,50",fails both block sum and Tav. 1 sum
suspect cell,RA07,28,az,34,"100,01 - 150,00",fails both block sum and Tav. 1 sum
suspect cell,RA07,8,az,34,"0,76 - 1,00",fails both block sum and Tav. 1 sum
suspect cell,RA07,19,az,34,"10,01 - 12,50",fails both block sum and Tav. 1 sum
suspect cell,RA07,30,az,34,"200,01 - 250,00",fails both block sum and Tav. 1 sum
suspect cell,RA07,10,az,34,"1,51 - 2,00",fails both block sum and Tav. 1 sum
suspect cell,RA07,32,az,34,"500,01 - 1.000,00",fails both block sum and Tav. 1 sum
suspect cell,RA07,1,az,34,Senza terreno agrario,fails both block sum and Tav. 1 sum
suspect cell,RA07,21,az,34,"15,01 - 20,00",fails both block sum and Tav. 1 sum
suspect cell,RA07,12,az,34,"2,51 - 3,00",fails both block sum and Tav. 1 sum
suspect cell,RA07,23,az,34,"25,01 - 30,00",fails both block sum and Tav. 1 sum
suspect cell,RA07,3,az,34,"0,11 - 0,20",fails both block sum and Tav. 1 sum
suspect cell,RA07,14,az,34,"3,51 - 4,00",fails both block sum and Tav. 1 sum
suspect cell,RA07,5,az,34,"0,31 - 0,40",fails both block sum and Tav. 1 sum
suspect cell,RA07,27,az,34,"75,01 - 100,00",fails both block sum and Tav. 1 sum
suspect cell,RA07,25,az,34,"40,01 - 50,00",fails both block sum and Tav. 1 sum
suspect cell,RA07,16,az,34,"4,51 - 5,00",fails both block sum and Tav. 1 sum
suspect cell,RA07,18,az,34,"7,51 - 10,00",fails both block sum and Tav. 1 sum
suspect cell,RA07,29,az,34,"150,01 - 200,00",fails both block sum and Tav. 1 sum
suspect cell,RA07,20,az,34,"12,51 - 15,00",fails both block sum and Tav. 1 sum
suspect cell,RA07,31,az,34,"250,01 - 500,00",fails both block sum and Tav. 1 sum
suspect cell,RA07,22,az,34,"20,01 - 25,00",fails both block sum and Tav. 1 sum
suspect cell,RA07,9,az,34,"1,01 - 1,50",fails both block sum and Tav. 1 sum
suspect cell,RA07,11,az,34,"2,01 - 2,50",fails both block sum and Tav. 1 sum
suspect cell,RA07,2,az,34,"fino a 0,10",fails both block sum and Tav. 1 sum
suspect cell,RA07,13,az,34,"3,01 - 3,50",fails both block sum and Tav. 1 sum
suspect cell,RA07,24,az,34,"30,01 - 40,00",fails both block sum and Tav. 1 sum
suspect cell,RA07,15,az,34,"4,01 - 4,50",fails both block sum and Tav. 1 sum
suspect cell,RA07,26,az,34,"50,01 - 75,00",fails both block sum and Tav. 1 sum
suspect cell,TAV1,10,sup,10,"1,51 - 2,00",fails both block sum and Tav. 1 sum
suspect cell,TAV1,32,sup,10,"500,01 - 1.000,00",fails both block sum and Tav. 1 sum
suspect cell,TAV1,19,sup,10,"10,01 - 12,50",fails both block sum and Tav. 1 sum
suspect cell,TAV1,21,sup,10,"15,01 - 20,00",fails both block sum and Tav. 1 sum
suspect cell,TAV1,12,sup,10,"2,51 - 3,00",fails both block sum and Tav. 1 sum
suspect cell,TAV1,23,sup,10,"25,01 - 30,00",fails both block sum and Tav. 1 sum
suspect cell,TAV1,3,sup,10,"0,11 - 0,20",fails both block sum and Tav. 1 sum
suspect cell,TAV1,14,sup,10,"3,51 - 4,00",fails both block sum and Tav. 1 sum
suspect cell,TAV1,5,sup,10,"0,31 - 0,40",fails both block sum and Tav. 1 sum
suspect cell,TAV1,27,sup,10,"75,01 - 100,00",fails both block sum and Tav. 1 sum
suspect cell,TAV1,25,sup,10,"40,01 - 50,00",fails both block sum and Tav. 1 sum
suspect cell,TAV1,16,sup,10,"4,51 - 5,00",fails both block sum and Tav. 1 sum
suspect cell,TAV1,7,sup,10,"0,51 - 0,75",fails both block sum and Tav. 1 sum
suspect cell,TAV1,18,sup,10,"7,51 - 10,00",fails both block sum and Tav. 1 sum
suspect cell,TAV1,29,sup,10,"150,01 - 200,00",fails both block sum and Tav. 1 sum
suspect cell,TAV1,20,sup,10,"12,51 - 15,00",fails both block sum and Tav. 1 sum
suspect cell,TAV1,31,sup,10,"250,01 - 500,00",fails both block sum and Tav. 1 sum
suspect cell,TAV1,22,sup,10,"20,01 - 25,00",fails both block sum and Tav. 1 sum
suspect cell,TAV1,28,sup,10,"100,01 - 150,00",fails both block sum and Tav. 1 sum
suspect cell,TAV1,30,sup,10,"200,01 - 250,00",fails both block sum and Tav. 1 sum
suspect cell,TAV1,9,sup,10,"1,01 - 1,50",fails both block sum and Tav. 1 sum
suspect cell,TAV1,11,sup,10,"2,01 - 2,50",fails both block sum and Tav. 1 sum
suspect cell,TAV1,2,sup,10,"fino a 0,10",fails both block sum and Tav. 1 sum
suspect cell,TAV1,13,sup,10,"3,01 - 3,50",fails both block sum and Tav. 1 sum
suspect cell,TAV1,24,sup,10,"30,01 - 40,00",fails both block sum and Tav. 1 sum
suspect cell,TAV1,15,sup,10,"4,01 - 4,50",fails both block sum and Tav. 1 sum
suspect cell,TAV1,26,sup,10,"50,01 - 75,00",fails both block sum and Tav. 1 sum
suspect cell,TAV1,4,sup,10,"0,21 - 0,30",fails both block sum and Tav. 1 sum
suspect cell,TAV1,17,sup,10,"5,01 - 7,50",fails both block sum and Tav. 1 sum
suspect cell,TAV1,8,sup,10,"0,76 - 1,00",fails both block sum and Tav. 1 sum
suspect cell,RA02,10,sup,31,"1,51 - 2,00",fails both block sum and Tav. 1 sum
suspect cell,RA02,32,sup,31,"500,01 - 1.000,00",fails both block sum and Tav. 1 sum
suspect cell,RA02,19,sup,31,"10,01 - 12,50",fails both block sum and Tav. 1 sum
suspect cell,RA02,21,sup,31,"15,01 - 20,00",fails both block sum and Tav. 1 sum
suspect cell,RA02,12,sup,31,"2,51 - 3,00",fails both block sum and Tav. 1 sum
suspect cell,RA02,23,sup,31,"25,01 - 30,00",fails both block sum and Tav. 1 sum
suspect cell,RA02,3,sup,31,"0,11 - 0,20",fails both block sum and Tav. 1 sum
suspect cell,RA02,14,sup,31,"3,51 - 4,00",fails both block sum and Tav. 1 sum
suspect cell,RA02,5,sup,31,"0,31 - 0,40",fails both block sum and Tav. 1 sum
suspect cell,RA02,27,sup,31,"75,01 - 100,00",fails both block sum and Tav. 1 sum
suspect cell,RA02,25,sup,31,"40,01 - 50,00",fails both block sum and Tav. 1 sum
suspect cell,RA02,16,sup,31,"4,51 - 5,00",fails both block sum and Tav. 1 sum
suspect cell,RA02,7,sup,31,"0,51 - 0,75",fails both block sum and Tav. 1 sum
suspect cell,RA02,18,sup,31,"7,51 - 10,00",fails both block sum and Tav. 1 sum
suspect cell,RA02,29,sup,31,"150,01 - 200,00",fails both block sum and Tav. 1 sum
suspect cell,RA02,20,sup,31,"12,51 - 15,00",fails both block sum and Tav. 1 sum
suspect cell,RA02,31,sup,31,"250,01 - 500,00",fails both block sum and Tav. 1 sum
suspect cell,RA02,22,sup,31,"20,01 - 25,00",fails both block sum and Tav. 1 sum
suspect cell,RA02,28,sup,31,"100,01 - 150,00",fails both block sum and Tav. 1 sum
suspect cell,RA02,30,sup,31,"200,01 - 250,00",fails both block sum and Tav. 1 sum
suspect cell,RA02,9,sup,31,"1,01 - 1,50",fails both block sum and Tav. 1 sum
suspect cell,RA02,11,sup,31,"2,01 - 2,50",fails both block sum and Tav. 1 sum
suspect cell,RA02,2,sup,31,"fino a 0,10",fails both block sum and Tav. 1 sum
suspect cell,RA02,13,sup,31,"3,01 - 3,50",fails both block sum and Tav. 1 sum
suspect cell,RA02,24,sup,31,"30,01 - 40,00",fails both block sum and Tav. 1 sum
suspect cell,RA02,15,sup,31,"4,01 - 4,50",fails both block sum and Tav. 1 sum
suspect cell,RA02,26,sup,31,"50,01 - 75,00",fails both block sum and Tav. 1 sum
suspect cell,RA02,4,sup,31,"0,21 - 0,30",fails both block sum and Tav. 1 sum
suspect cell,RA02,17,sup,31,"5,01 - 7,50",fails both block sum and Tav. 1 sum
suspect cell,RA02,8,sup,31,"0,76 - 1,00",fails both block sum and Tav. 1 sum
suspect cell,TAV1,17,az,10,"5,01 - 7,50",fails both block sum and Tav. 1 sum
suspect cell,TAV1,28,az,10,"100,01 - 150,00",fails both block sum and Tav. 1 sum
suspect cell,TAV1,8,az,10,"0,76 - 1,00",fails both block sum and Tav. 1 sum
suspect cell,TAV1,19,az,10,"10,01 - 12,50",fails both block sum and Tav. 1 sum
suspect cell,TAV1,30,az,10,"200,01 - 250,00",fails both block sum and Tav. 1 sum
suspect cell,TAV1,10,az,10,"1,51 - 2,00",fails both block sum and Tav. 1 sum
suspect cell,TAV1,32,az,10,"500,01 - 1.000,00",fails both block sum and Tav. 1 sum
suspect cell,TAV1,1,az,10,Senza terreno agrario,fails both block sum and Tav. 1 sum
suspect cell,TAV1,21,az,10,"15,01 - 20,00",fails both block sum and Tav. 1 sum
suspect cell,TAV1,12,az,10,"2,51 - 3,00",fails both block sum and Tav. 1 sum
suspect cell,TAV1,23,az,10,"25,01 - 30,00",fails both block sum and Tav. 1 sum
suspect cell,TAV1,3,az,10,"0,11 - 0,20",fails both block sum and Tav. 1 sum
suspect cell,TAV1,14,az,10,"3,51 - 4,00",fails both block sum and Tav. 1 sum
suspect cell,TAV1,5,az,10,"0,31 - 0,40",fails both block sum and Tav. 1 sum
suspect cell,TAV1,27,az,10,"75,01 - 100,00",fails both block sum and Tav. 1 sum
suspect cell,TAV1,25,az,10,"40,01 - 50,00",fails both block sum and Tav. 1 sum
suspect cell,TAV1,16,az,10,"4,51 - 5,00",fails both block sum and Tav. 1 sum
suspect cell,TAV1,18,az,10,"7,51 - 10,00",fails both block sum and Tav. 1 sum
suspect cell,TAV1,29,az,10,"150,01 - 200,00",fails both block sum and Tav. 1 sum
suspect cell,TAV1,20,az,10,"12,51 - 15,00",fails both block sum and Tav. 1 sum
suspect cell,TAV1,31,az,10,"250,01 - 500,00",fails both block sum and Tav. 1 sum
suspect cell,TAV1,22,az,10,"20,01 - 25,00",fails both block sum and Tav. 1 sum
suspect cell,TAV1,9,az,10,"1,01 - 1,50",fails both block sum and Tav. 1 sum
suspect cell,TAV1,11,az,10,"2,01 - 2,50",fails both block sum and Tav. 1 sum
suspect cell,TAV1,2,az,10,"fino a 0,10",fails both block sum and Tav. 1 sum
suspect cell,TAV1,13,az,10,"3,01 - 3,50",fails both block sum and Tav. 1 sum
suspect cell,TAV1,24,az,10,"30,01 - 40,00",fails both block sum and Tav. 1 sum
suspect cell,TAV1,15,az,10,"4,01 - 4,50",fails both block sum and Tav. 1 sum
suspect cell,TAV1,26,az,10,"50,01 - 75,00",fails both block sum and Tav. 1 sum
suspect cell,RA02,17,az,31,"5,01 - 7,50",fails both block sum and Tav. 1 sum
suspect cell,RA02,28,az,31,"100,01 - 150,00",fails both block sum and Tav. 1 sum
suspect cell,RA02,8,az,31,"0,76 - 1,00",fails both block sum and Tav. 1 sum
suspect cell,RA02,19,az,31,"10,01 - 12,50",fails both block sum and Tav. 1 sum
suspect cell,RA02,30,az,31,"200,01 - 250,00",fails both block sum and Tav. 1 sum
suspect cell,RA02,10,az,31,"1,51 - 2,00",fails both block sum and Tav. 1 sum
suspect cell,RA02,32,az,31,"500,01 - 1.000,00",fails both block sum and Tav. 1 sum
suspect cell,RA02,1,az,31,Senza terreno agrario,fails both block sum and Tav. 1 sum
suspect cell,RA02,21,az,31,"15,01 - 20,00",fails both block sum and Tav. 1 sum
suspect cell,RA02,12,az,31,"2,51 - 3,00",fails both block sum and Tav. 1 sum
suspect cell,RA02,23,az,31,"25,01 - 30,00",fails both block sum and Tav. 1 sum
suspect cell,RA02,3,az,31,"0,11 - 0,20",fails both block sum and Tav. 1 sum
suspect cell,RA02,14,az,31,"3,51 - 4,00",fails both block sum and Tav. 1 sum
suspect cell,RA02,5,az,31,"0,31 - 0,40",fails both block sum and Tav. 1 sum
suspect cell,RA02,27,az,31,"75,01 - 100,00",fails both block sum and Tav. 1 sum
suspect cell,RA02,25,az,31,"40,01 - 50,00",fails both block sum and Tav. 1 sum
suspect cell,RA02,16,az,31,"4,51 - 5,00",fails both block sum and Tav. 1 sum
suspect cell,RA02,18,az,31,"7,51 - 10,00",fails both block sum and Tav. 1 sum
suspect cell,RA02,29,az,31,"150,01 - 200,00",fails both block sum and Tav. 1 sum
suspect cell,RA02,20,az,31,"12,51 - 15,00",fails both block sum and Tav. 1 sum
suspect cell,RA02,31,az,31,"250,01 - 500,00",fails both block sum and Tav. 1 sum
suspect cell,RA02,22,az,31,"20,01 - 25,00",fails both block sum and Tav. 1 sum
suspect cell,RA02,9,az,31,"1,01 - 1,50",fails both block sum and Tav. 1 sum
suspect cell,RA02,11,az,31,"2,01 - 2,50",fails both block sum and Tav. 1 sum
suspect cell,RA02,2,az,31,"fino a 0,10",fails both block sum and Tav. 1 sum
suspect cell,RA02,13,az,31,"3,01 - 3,50",fails both block sum and Tav. 1 sum
suspect cell,RA02,24,az,31,"30,01 - 40,00",fails both block sum and Tav. 1 sum
suspect cell,RA02,15,az,31,"4,01 - 4,50",fails both block sum and Tav. 1 sum
suspect cell,RA02,26,az,31,"50,01 - 75,00",fails both block sum and Tav. 1 sum
