provincia,sigla,cod_prov,reg_agr,id,zona,block,class_label,suffix,class_code,az,az_raw,az_pass1,az_pass2,az_status,sup,sup_raw,sup_pass1,sup_pass2,sup_status,pdf_page
Aosta,AO,007,5,AO5,M,RA05,Senza terreno agrario,senza_terreno,1,0,—,?,—,resolved,0.0,—,—,—,agree,33
Aosta,AO,007,5,AO5,M,RA05,"fino a 0,10",fino_0p10,2,41,41,41,41,agree,2.5,"2,50","2,50","2,50",agree,33
Aosta,AO,007,5,AO5,M,RA05,"0,11 - 0,20",0p11_0p20,3,45,45,45,45,agree,7.32,"7,32","7,32","7,32",agree,33
Aosta,AO,007,5,AO5,M,RA05,"0,21 - 0,30",0p21_0p30,4,36,36,36,36,agree,9.44,"9,44","9,44","9,44",agree,33
Aosta,AO,007,5,AO5,M,RA05,"0,31 - 0,40",0p31_0p40,5,31,31,31,31,agree,11.32,"11,32","11,32","11,32",agree,33
Aosta,AO,007,5,AO5,M,RA05,"0,41 - 0,50",0p41_0p50,6,45,45,45,45,agree,20.76,"20,76","20,76","20,76",agree,33
Aosta,AO,007,5,AO5,M,RA05,"0,51 - 0,75",0p51_0p75,7,101,101,101,101,agree,65.7,"65,70","65,70","65,70",agree,33
Aosta,AO,007,5,AO5,M,RA05,"0,76 - 1,00",0p76_1,8,106,106,106,106,agree,93.85,"93,85","93,85","93,85",agree,33
Aosta,AO,007,5,AO5,M,RA05,"1,01 - 1,50",1p01_1p50,9,212,212,212,212,agree,263.91,"263,91","263,91","263,91",agree,33
Aosta,AO,007,5,AO5,M,RA05,"1,51 - 2,00",1p51_2,10,207,207,207,207,agree,367.12,"367,12","367,12","367,12",agree,33
Aosta,AO,007,5,AO5,M,RA05,"2,01 - 2,50",2p01_2p50,11,155,155,155,155,agree,352.43,"352,43","352,43","352,43",agree,33
Aosta,AO,007,5,AO5,M,RA05,"2,51 - 3,00",2p51_3,12,144,144,144,144,agree,398.5,"398,50","398,50","398,50",agree,33
Aosta,AO,007,5,AO5,M,RA05,"3,01 - 3,50",3p01_3p50,13,125,125,125,125,agree,407.24,"407,24","407,24","407,24",agree,33
Aosta,AO,007,5,AO5,M,RA05,"3,51 - 4,00",3p51_4,14,120,120,120,120,agree,450.77,"450,77","450,77","450,77",agree,33
Aosta,AO,007,5,AO5,M,RA05,"4,01 - 4,50",4p01_4p50,15,90,90,90,90,agree,384.09,"384,09","384,09","384,09",agree,33
Aosta,AO,007,5,AO5,M,RA05,"4,51 - 5,00",4p51_5,16,84,84,84,84,agree,399.74,"399,74","399,74","399,74",agree,33
Aosta,AO,007,5,AO5,M,RA05,"5,01 - 7,50",5p01_7p50,17,336,336,336,336,agree,2092.5,"2.092,50","2.092,50","2.092,50",agree,33
Aosta,AO,007,5,AO5,M,RA05,"7,51 - 10,00",7p51_10,18,143,143,143,143,agree,1226.78,"1.226,78","1.226,78","1.226,78",agree,33
Aosta,AO,007,5,AO5,M,RA05,"10,01 - 12,50",10p01_12p50,19,105,105,105,105,agree,1164.7,"1.164,70","1.164,70","1.164,70",agree,33
Aosta,AO,007,5,AO5,M,RA05,"12,51 - 15,00",12p51_15,20,60,60,60,60,agree,825.45,"825,45","825,45","825,45",agree,33
Aosta,AO,007,5,AO5,M,RA05,"15,01 - 20,00",15p01_20,21,56,56,56,56,agree,960.64,"960,64","960,64","960,64",agree,33
Aosta,AO,007,5,AO5,M,RA05,"20,01 - 25,00",20p01_25,22,28,28,28,28,agree,600.75,"600,75","600,75","600,75",agree,33
Aosta,AO,007,5,AO5,M,RA05,"25,01 - 30,00",25p01_30,23,7,7,?,7,resolved,190.12,"190,12","190,12","190,12",agree,33
Aosta,AO,007,5,AO5,M,RA05,"30,01 - 40,00",30p01_40,24,13,13,13,13,agree,447.86,"447,86","447,86","447,86",agree,33
Aosta,AO,007,5,AO5,M,RA05,"40,01 - 50,00",40p01_50,25,9,9,?,9,resolved,402.49,"402,49","402,49","402,49",agree,33
Aosta,AO,007,5,AO5,M,RA05,"50,01 - 75,00",50p01_75,26,19,19,19,19,agree,1153.64,"1.153,64","1.153,64","1.153,64",agree,33
Aosta,AO,007,5,AO5,M,RA05,"75,01 - 100,00",75p01_100,27,18,18,18,18,agree,1580.84,"1.580,84","1.580,84","1.580,84",agree,33
Aosta,AO,007,5,AO5,M,RA05,"100,01 - 150,00",100p01_150,28,9,9,?,9,resolved,1132.52,"1.132,52","1.132,52","1.132,52",agree,33
Aosta,AO,007,5,AO5,M,RA05,"150,01 - 200,00",150p01_200,29,8,8,?,8,resolved,1451.08,"1.451,08","1.451,08","1.451,08",agree,33
Aosta,AO,007,5,AO5,M,RA05,"200,01 - 250,00",200p01_250,30,13,13,13,13,agree,2843.42,"2.843,42","2.843,42","2.843,42",agree,33
Aosta,AO,007,5,AO5,M,RA05,"250,01 - 500,00",250p01_500,31,16,16,16,16,agree,5372.55,"5.372,55","5.372,55","5.372,55",agree,33
Aosta,AO,007,5,AO5,M,RA05,"500,01 - 1.000,00",500p01_1000,32,6,6,?,6,resolved,3771.47,"3.771,47","3.771,47","3.771,47",agree,33
Aosta,AO,007,5,AO5,M,RA05,"1.000,01 - 2.500,00",1000p01_2500,33,1,1,?,1,resolved,1050.4,"1.050,40","1.050,40","1.050,40",agree,33
Aosta,AO,007,5,AO5,M,RA05,oltre 2.500,oltre_2500,34,0,—,?,—,resolved,0.0,—,—,—,agree,33
Aosta,AO,007,5,AO5,M,RA05,TOTALE,totale,35,2389,2.389,2.389,2.389,agree,29501.9,"29.501,90","29.501,90","29.501,90",agree,33
Aosta,AO,007,6,AO6,M,RA06,Senza terreno agrario,senza_terreno,1,0,—,—,—,agree,0.0,—,—,—,agree,33
Aosta,AO,007,6,AO6,M,RA06,"fino a 0,10",fino_0p10,2,46,46,46,46,agree,2.5,"2,50","2,50","2,50",agree,33
Aosta,AO,007,6,AO6,M,RA06,"0,11 - 0,20",0p11_0p20,3,53,53,53,53,agree,7.91,"7,91","7,91","7,91",agree,33
Aosta,AO,007,6,AO6,M,RA06,"0,21 - 0,30",0p21_0p30,4,60,60,60,60,agree,15.45,"15,45","15,45","15,45",agree,33
Aosta,AO,007,6,AO6,M,RA06,"0,31 - 0,40",0p31_0p40,5,51,51,51,51,agree,18.16,"18,16","18,16","18,16",agree,33
Aosta,AO,007,6,AO6,M,RA06,"0,41 - 0,50",0p41_0p50,6,42,42,42,42,agree,19.47,"19,47","19,47","19,47",agree,33
Aosta,AO,007,6,AO6,M,RA06,"0,51 - 0,75",0p51_0p75,7,102,102,102,102,agree,63.9,"63,90",?,?,resolved,33
Aosta,AO,007,6,AO6,M,RA06,"0,76 - 1,00",0p76_1,8,104,104,104,104,agree,92.82,"92,82","92,82",?,resolved,33
Aosta,AO,007,6,AO6,M,RA06,"1,01 - 1,50",1p01_1p50,9,153,153,153,153,agree,191.75,"191,75","191,75",?,resolved,33
Aosta,AO,007,6,AO6,M,RA06,"1,51 - 2,00",1p51_2,10,127,127,127,127,agree,224.5,"224,50",?,?,resolved,33
Aosta,AO,007,6,AO6,M,RA06,"2,01 - 2,50",2p01_2p50,11,109,109,109,109,agree,246.96,"246,96",?,?,resolved,33
Aosta,AO,007,6,AO6,M,RA06,"2,51 - 3,00",2p51_3,12,83,83,83,83,agree,229.38,"229,38",?,?,resolved,33
Aosta,AO,007,6,AO6,M,RA06,"3,01 - 3,50",3p01_3p50,13,87,87,87,87,agree,284.1,"284,10",?,?,resolved,33
Aosta,AO,007,6,AO6,M,RA06,"3,51 - 4,00",3p51_4,14,70,70,70,70,agree,265.27,"265,27",?,?,resolved,33
Aosta,AO,007,6,AO6,M,RA06,"4,01 - 4,50",4p01_4p50,15,67,67,67,67,agree,283.81,"283,81",?,?,resolved,33
Aosta,AO,007,6,AO6,M,RA06,"4,51 - 5,00",4p51_5,16,46,46,46,46,agree,220.65,"220,65",?,?,resolved,33
Aosta,AO,007,6,AO6,M,RA06,"5,01 - 7,50",5p01_7p50,17,191,191,191,191,agree,1159.42,"1.159,42",?,?,resolved,33
Aosta,AO,007,6,AO6,M,RA06,"7,51 - 10,00",7p51_10,18,116,116,116,116,agree,1021.5,"1.021,50",?,?,resolved,33
Aosta,AO,007,6,AO6,M,RA06,"10,01 - 12,50",10p01_12p50,19,94,94,94,94,agree,1035.68,"1.035,68",?,?,resolved,33
Aosta,AO,007,6,AO6,M,RA06,"12,51 - 15,00",12p51_15,20,48,48,48,48,agree,659.45,"659,45",?,?,resolved,33
Aosta,AO,007,6,AO6,M,RA06,"15,01 - 20,00",15p01_20,21,63,63,63,63,agree,1108.2,"1.108,20",?,?,resolved,33
Aosta,AO,007,6,AO6,M,RA06,"20,01 - 25,00",20p01_25,22,44,44,?,44,resolved,990.62,"990,62",?,?,resolved,33
Aosta,AO,007,6,AO6,M,RA06,"25,01 - 30,00",25p01_30,23,38,38,38,38,agree,1055.11,"1.055,11",?,?,resolved,33
Aosta,AO,007,6,AO6,M,RA06,"30,01 - 40,00",30p01_40,24,36,36,36,36,agree,1226.06,"1.226,06",?,?,resolved,33
Aosta,AO,007,6,AO6,M,RA06,"40,01 - 50,00",40p01_50,25,29,29,29,29,agree,1289.2,"1.289,20",?,?,resolved,33
Aosta,AO,007,6,AO6,M,RA06,"50,01 - 75,00",50p01_75,26,41,41,41,41,agree,2559.75,"2.559,75",?,?,resolved,33
Aosta,AO,007,6,AO6,M,RA06,"75,01 - 100,00",75p01_100,27,25,25,25,25,agree,2221.11,"2.221,11",?,?,resolved,33
Aosta,AO,007,6,AO6,M,RA06,"100,01 - 150,00",100p01_150,28,31,31,31,31,agree,3631.03,"3.631,03",?,?,resolved,33
Aosta,AO,007,6,AO6,M,RA06,"150,01 - 200,00",150p01_200,29,18,18,18,18,agree,3201.1,"3.201,10",?,?,resolved,33
Aosta,AO,007,6,AO6,M,RA06,"200,01 - 250,00",200p01_250,30,9,9,?,9,resolved,1934.65,"1.934,65",?,?,resolved,33
Aosta,AO,007,6,AO6,M,RA06,"250,01 - 500,00",250p01_500,31,9,9,?,9,resolved,2877.59,"2.877,59",?,?,resolved,33
Aosta,AO,007,6,AO6,M,RA06,"500,01 - 1.000,00",500p01_1000,32,5,5,?,5,resolved,3171.9,"3.171,90",?,?,resolved,33
Aosta,AO,007,6,AO6,M,RA06,"1.000,01 - 2.500,00",1000p01_2500,33,0,—,—,—,agree,0.0,—,—,—,agree,33
Aosta,AO,007,6,AO6,M,RA06,oltre 2.500,oltre_2500,34,0,—,—,—,agree,0.0,—,—,—,agree,33
Aosta,AO,007,6,AO6,M,RA06,TOTALE,totale,35,1997,1.997,1.997,1.997,agree,31309.0,"31.309,00",?,?,resolved,33
Aosta,AO,007,7,AO7,M,RA07,Senza terreno agrario,senza_terreno,1,0,—,?,—,resolved,0.0,—,?,—,resolved,34
Aosta,AO,007,7,AO7,M,RA07,"fino a 0,10",fino_0p10,2,4,4,?,4,resolved,0.32,"0,32","0,32","0,32",agree,34
Aosta,AO,007,7,AO7,M,RA07,"0,11 - 0,20",0p11_0p20,3,13,13,13,13,agree,2.38,"2,38","2,38","2,38",agree,34
Aosta,AO,007,7,AO7,M,RA07,"0,21 - 0,30",0p21_0p30,4,17,17,17,17,agree,4.55,"4,55","4,55","4,55",agree,34
Aosta,AO,007,7,AO7,M,RA07,"0,31 - 0,40",0p31_0p40,5,16,16,16,16,agree,5.79,"5,79",?,"5,79",resolved,34
Aosta,AO,007,7,AO7,M,RA07,"0,41 - 0,50",0p41_0p50,6,22,22,22,22,agree,10.42,"10,42","10,42","10,42",agree,34
Aosta,AO,007,7,AO7,M,RA07,"0,51 - 0,75",0p51_0p75,7,45,45,45,45,agree,29.08,"29,08","29,08","29,08",agree,34
Aosta,AO,007,7,AO7,M,RA07,"0,76 - 1,00",0p76_1,8,55,55,55,55,agree,48.68,"48,68","48,68","48,68",agree,34
Aosta,AO,007,7,AO7,M,RA07,"1,01 - 1,50",1p01_1p50,9,114,114,114,114,agree,145.27,"145,27","145,27","145,27",agree,34
Aosta,AO,007,7,AO7,M,RA07,"1,51 - 2,00",1p51_2,10,93,93,93,93,agree,165.55,"165,55","165,55","165,55",agree,34
Aosta,AO,007,7,AO7,M,RA07,"2,01 - 2,50",2p01_2p50,11,145,145,145,145,agree,328.95,"328,95","328,95","328,95",agree,34
Aosta,AO,007,7,AO7,M,RA07,"2,51 - 3,00",2p51_3,12,113,113,113,113,agree,314.25,"314,25","314,25","314,25",agree,34
Aosta,AO,007,7,AO7,M,RA07,"3,01 - 3,50",3p01_3p50,13,78,78,78,78,agree,256.87,"256,87","256,87","256,87",agree,34
Aosta,AO,007,7,AO7,M,RA07,"3,51 - 4,00",3p51_4,14,60,60,60,60,agree,225.28,"225,28","225,28","225,28",agree,34
Aosta,AO,007,7,AO7,M,RA07,"4,01 - 4,50",4p01_4p50,15,50,50,50,50,agree,213.44,"213,44","213,44","213,44",agree,34
Aosta,AO,007,7,AO7,M,RA07,"4,51 - 5,00",4p51_5,16,51,51,51,51,agree,243.59,"243,59","243,59","243,59",agree,34
Aosta,AO,007,7,AO7,M,RA07,"5,01 - 7,50",5p01_7p50,17,198,198,198,198,agree,1216.9,"1.216,90","216,90","1.216,90",resolved,34
Aosta,AO,007,7,AO7,M,RA07,"7,51 - 10,00",7p51_10,18,98,98,98,98,agree,840.35,"840,35","840,35","840,35",agree,34
Aosta,AO,007,7,AO7,M,RA07,"10,01 - 12,50",10p01_12p50,19,61,61,61,61,agree,671.58,"671,58","671,58","671,58",agree,34
Aosta,AO,007,7,AO7,M,RA07,"12,51 - 15,00",12p51_15,20,27,27,27,27,agree,366.74,"366,74","366,74","366,74",agree,34
Aosta,AO,007,7,AO7,M,RA07,"15,01 - 20,00",15p01_20,21,24,24,24,24,agree,414.38,"414,38","414,38","414,38",agree,34
Aosta,AO,007,7,AO7,M,RA07,"20,01 - 25,00",20p01_25,22,8,8,?,8,resolved,177.79,"177,79","177,79","177,79",agree,34
Aosta,AO,007,7,AO7,M,RA07,"25,01 - 30,00",25p01_30,23,8,8,?,8,resolved,216.3,"216,30","216,30","216,30",agree,34
Aosta,AO,007,7,AO7,M,RA07,"30,01 - 40,00",30p01_40,24,7,7,?,7,resolved,242.84,"242,84","242,84","242,84",agree,34
Aosta,AO,007,7,AO7,M,RA07,"40,01 - 50,00",40p01_50,25,6,6,?,6,resolved,273.19,"273,19","273,19","273,19",agree,34
Aosta,AO,007,7,AO7,M,RA07,"50,01 - 75,00",50p01_75,26,9,9,?,9,resolved,535.19,"535,19","535,19","535,19",agree,34
Aosta,AO,007,7,AO7,M,RA07,"75,01 - 100,00",75p01_100,27,8,8,?,8,resolved,749.52,"749,52","749,52","749,52",agree,34
Aosta,AO,007,7,AO7,M,RA07,"100,01 - 150,00",100p01_150,28,22,22,22,22,agree,2703.05,"2.703,05","2.703,05","2.703,05",agree,34
Aosta,AO,007,7,AO7,M,RA07,"150,01 - 200,00",150p01_200,29,10,10,10,10,agree,1759.87,"1.759,87","1.759,87","1.759,87",agree,34
Aosta,AO,007,7,AO7,M,RA07,"200,01 - 250,00",200p01_250,30,5,5,?,5,resolved,1126.74,"1.126,74","1.126,74","1.126,74",agree,34
Aosta,AO,007,7,AO7,M,RA07,"250,01 - 500,00",250p01_500,31,15,15,15,15,agree,5092.85,"5.092,85","5.092,85","5.092,85",agree,34
Aosta,AO,007,7,AO7,M,RA07,"500,01 - 1.000,00",500p01_1000,32,5,5,?,5,resolved,3804.94,"3.804,94","3.804,94","3.804,94",agree,34
Aosta,AO,007,7,AO7,M,RA07,"1.000,01 - 2.500,00",1000p01_2500,33,2,2,?,2,resolved,2275.98,"2.275,98","2.275,98","2.275,98",agree,34
Aosta,AO,007,7,AO7,M,RA07,oltre 2.500,oltre_2500,34,1,1,?,1,resolved,6570.96,"6.570,96","6.570,96","6.570,96",agree,34
Aosta,AO,007,7,AO7,M,RA07,TOTALE,totale,35,1390,1.390,1.390,1.390,agree,31033.59,"31.033,59","31.033,59","31.033,59",agree,34
