block,class_code,az,az_raw,az_pass1,az_pass2,az_status,sup,sup_raw,sup_pass1,sup_pass2,sup_status
TAV1,1,239.0,239,239,239,agree,0.0,—,—,—,agree
TAV1,2,599.0,599,599,599,agree,46.81,"46,81","46,81","46,81",agree
TAV1,3,1663.0,1.663,1.663,1.663,agree,284.84,"284,84","284,84","284,84",agree
TAV1,4,1167.0,1.167,1.167,1.167,agree,308.27,"308,27","308,27","308,27",agree
TAV1,5,2135.0,2.135,2.135,2.135,agree,796.97,"796,97","796,97","796,97",agree
TAV1,6,988.0,988,988,988,agree,458.34,"458,34","458,34","458,34",agree
TAV1,7,2480.0,2.480,2.480,2.480,agree,,"1524,19","1524,19","1524,19",agree
TAV1,8,3869.0,3.869,3.869,3.869,agree,,"3288,71","3288,71","3288,71",agree
TAV1,9,5277.0,5.277,5.277,5.277,agree,6537.97,"6.537,97","6.537,97","6.537,97",agree
TAV1,10,6505.0,6.505,6.505,6.505,agree,11350.99,"11.350,99","11.350,99","11.350,99",agree
TAV1,11,5369.0,5.369,5.369,5.369,agree,12217.66,"12.217,66","12.217,66","12.217,66",agree
TAV1,12,4779.0,4.779,4.779,4.779,agree,13147.61,"13.147,61","13.147,61","13.147,61",agree
TAV1,13,5621.0,5.621,5.621,5.621,agree,18248.15,"18.248,15","18.248,15","18.248,15",agree
TAV1,14,4571.0,4.571,4.571,4.571,agree,17332.0,"17.332,00","17.332,00","17.332,00",agree
TAV1,15,3234.0,3.234,3.234,3.234,agree,13726.45,"13.726,45","13.726,45","13.726,45",agree
TAV1,16,4434.0,4.434,4.434,4.434,agree,21047.87,"21.047,87","21.047,87","21.047,87",agree
TAV1,17,12004.0,12.004,12.004,12.004,agree,73759.25,"73.759,25","73.759,25","73.759,25",agree
TAV1,18,6977.0,6.977,6.977,6.977,agree,60082.59,"60.082,59","60.082,59","60.082,59",agree
TAV1,19,3459.0,3.459,3.459,3.459,agree,38604.39,"38.604,39","38.604,39","38.604,39",agree
TAV1,20,2081.0,2.081,2.081,2.081,agree,28405.11,"28.405,11","28.405,11","28.405,11",agree
TAV1,21,2431.0,2.431,2.431,2.431,agree,41591.29,"41.591,29","41.591,29","41.591,29",agree
TAV1,22,,1062,1062,1062,agree,23612.32,"23.612,32","23.612,32","23.612,32",agree
TAV1,23,565.0,565,565,565,agree,15359.48,"15.359,48","15.359,48","15.359,48",agree
TAV1,24,540.0,540,540,540,agree,18277.37,"18.277,37","18.277,37","18.277,37",agree
TAV1,25,172.0,172,172,172,agree,7601.51,"7.601,51","7.601,51","7.601,51",agree
TAV1,26,120.0,120,120,120,agree,7141.93,"7.141,93","7.141,93","7.141,93",agree
TAV1,27,35.0,35,35,35,agree,2941.27,"2.941,27","2.941,27","2.941,27",agree
TAV1,28,31.0,31,31,31,agree,3755.65,"3.755,65","3.755,65","3.755,65",agree
TAV1,29,7.0,7,7,7,agree,1201.33,"1.201,33","1.201,33","1.201,33",agree
TAV1,30,9.0,9,9,9,agree,1950.94,"1.950,94","1.950,94","1.950,94",agree
TAV1,31,34.0,34,34,34,agree,12620.67,"12.620,67","12.620,67","12.620,67",agree
TAV1,32,25.0,25,25,25,agree,19392.57,"19.392,57","19.392,57","19.392,57",agree
TAV1,33,31.0,31,31,31,agree,48828.23,"48.828,23","48.828,23","48.828,23",agree
TAV1,34,19.0,19,19,19,agree,80473.68,"80.473,68","80.473,68","80.473,68",agree
TAV1,35,0.0,—,—,—,agree,0.0,—,—,—,agree
