provincia,sigla,cod_prov,fascicolo,pdf,tav10_first_page,tav10_last_page,tav1_page,n_ra,errata_page,ocr,missing_ra,note
Torino,TO,001,1,torino.pdf,43,51,14,17,2,,,
Vercelli,VC,002,2,vercelli.pdf,31,35,10,10,2,,,
Cuneo,CN,004,4,pdf_province/cuneo.pdf,44,52,13,17,2,,,
Asti,AT,005,5,pdf_province/asti.pdf,41,43,12,5,2,,,
Alessandria,AL,006,6,pdf_province/alessandria.pdf,43,48,12,12,,,,
Aosta,AO,007,7,pdf_province/valled'aosta.pdf,33,34,12,7,,tesseract,1;2;3;4,"PDF INCOMPLETO: mancano le pagine stampate 32-33 (Tav. 10, regioni agrarie 1-4)"
Imperia,IM,008,8,pdf_province/imperia.pdf,41,43,12,5,,,,
Savona,SV,009,9,pdf_province/savona.pdf,41,43,12,6,,,,
Genova,GE,010,10,pdf_province/genova.pdf,41,44,12,8,,,,
La Spezia,SP,011,11,pdf_province/laspezia.pdf,41,42,12,4,,,,
