class_code,label,az_totale,sup_totale
ra_num,numero regione agraria,2,2
zona,M / C / P,M,M
1,Senza terreno agrario,—,—
2,"fino a 0,10",—,—
3,"0,11 - 0,20",4,"0,59"
4,"0,21 - 0,30",2,"0,44"
5,"0,31 - 0,40",11,"4,151,96"
6,"0,41 - 0,50",4,"3,99"
7,"0,51 - 0,75",6,"24,43"
8,"0,76 - 1,00",50,"62,26"
9,"1,01 - 1,50",85,"155,12"
10,"1,51 - 2,00",87,"199,07"
11,"2,01 - 2,50",96,"276,34"
12,"2,51 - 3,00",49,"160,27"
13,"3,01 - 3,50",86,"334,43"
14,"3,51 - 4,00",46,"195,59"
15,"4,01 - 4,50",82,"400,91"
16,"4,51 - 5,00",232,"1.451,64"
17,"5,01 - 7,50",167,"462,28"
18,"7,51 - 10,00",85,"956,22"
19,"10,01 - 12,50",68,"936,22"
20,"12,51 - 15,00",98,"1.709,73"
21,"15,01 - 20,00",50,"1.125,72"
22,"20,01 - 25,00",26,"710,13"
23,"25,01 - 30,00",32,"1.075,94"
24,"30,01 - 40,00",16,"719,04"
25,"40,01 - 50,00",11,"677,40"
26,"50,01 - 75,00",4,"329,14"
27,"75,01 - 100,00",4,"472,38"
28,"100,01 - 150,00",2,"338,00"
29,"150,01 - 200,00",1,"210,16"
30,"200,01 - 250,00",4,"3.246,001.355,88"
31,"250,01 - 500,00",4,"11.581,69"
32,"500,01 - 1.000,00",7,"7.779,00"
33,"1.000,01 - 2.500,00",2,—
34,oltre 2.500,1.447,"37.956,\2"
35,TOTALE,—,—
